,Per,Per,Per,Per,Per,Per,Per,Per,Per,Per,Per,Per,Per,Per,Shoo,Shoo,Shoo,-additional
Player,FG,FGA,3P,3PA,FT,FTA,ORB,TRB,AST,STL,BLK,TOV,PF,PTS,FG%,3P%,FT%,-9999
Precious Achiuwa,5.8,12.4,1.1,2.9,1.9,3.2,3.1,9.9,1.8,0.8,0.9,1.8,3.3,14.5,.467,.367,.595,achiupr01
Steven Adams,4.2,7.5,0.1,0.3,1.9,3.5,5.5,12.7,3.9,1.2,1.0,2.0,2.7,10.4,.559,.321,.536,adamsst01
Bam Adebayo,7.7,13.7,0.1,0.4,4.8,6.2,2.6,10.6,4.6,1.4,1.0,2.8,2.9,20.3,.563,.279,.765,adebaba01
Santi Aldama,5.7,13.1,1.0,4.9,2.2,3.2,2.8,8.2,2.7,0.8,0.9,1.7,3.3,14.6,.432,.210,.683,aldamsa01
LaMarcus Aldridge,8.0,15.6,0.9,2.7,2.8,3.3,2.0,7.9,2.0,0.6,1.5,1.6,2.7,19.7,.511,.346,.850,aldrila01
Nickeil Alexander-Walker,6.4,16.3,2.6,7.9,2.0,2.6,0.9,5.0,3.9,1.3,0.6,2.3,2.7,17.5,.396,.330,.747,alexani01
Grayson Allen,5.2,11.6,3.1,7.6,1.6,1.9,0.7,4.6,2.4,1.0,0.3,1.1,2.0,15.0,.445,.404,.857,allengr01
Jarrett Allen,6.8,10.4,0.1,0.5,3.5,4.9,3.8,12.1,2.1,0.8,1.6,1.8,2.0,17.2,.652,.290,.708,allenja01
Jose Alvarado,5.8,12.7,1.5,4.8,1.7,2.5,1.2,4.8,6.2,2.8,0.4,1.8,3.1,14.9,.456,.309,.707,alvarjo01
Justin Anderson,4.7,11.7,1.8,6.3,1.9,2.5,0.8,5.8,3.7,1.0,0.7,1.3,2.7,13.1,.404,.278,.777,anderju01
Kyle Anderson,5.3,11.7,1.2,3.6,2.0,2.9,1.4,8.2,4.5,1.7,1.1,1.7,2.6,13.9,.455,.343,.707,anderky01
Giannis Antetokounmpo,11.1,20.1,1.2,4.1,8.1,11.5,2.1,12.5,6.3,1.2,1.4,3.6,3.3,31.6,.555,.301,.706,antetgi01
Thanasis Antetokounmpo,5.2,10.2,0.5,2.1,2.1,3.4,2.9,7.6,2.5,1.3,0.8,2.3,4.7,13.0,.509,.258,.613,antetth01
Carmelo Anthony,6.4,15.1,2.7,7.2,2.7,3.2,1.1,5.5,1.7,0.9,0.9,1.4,3.3,18.2,.425,.375,.841,anthoca01
Cole Anthony,6.4,15.6,2.2,6.3,3.6,4.3,0.7,6.3,6.2,0.9,0.4,2.9,2.9,18.6,.408,.349,.852,anthoco01
OG Anunoby,6.3,13.5,2.3,6.2,1.9,2.5,1.5,5.8,2.6,1.5,0.6,1.7,2.8,16.8,.464,.379,.764,anunoog01
Ryan Arcidiacono,4.3,9.7,2.0,5.2,1.3,1.8,0.7,5.2,3.8,0.9,0.2,1.4,3.4,11.8,.439,.382,.723,arcidry01
Trevor Ariza,3.7,9.3,1.8,5.7,1.3,1.9,1.0,6.1,2.4,1.2,0.6,1.1,2.3,10.5,.393,.318,.720,arizatr01
D.J. Augustin,4.2,10.4,2.5,6.4,2.3,2.6,0.6,3.2,5.0,0.8,0.1,2.2,1.8,13.2,.408,.386,.877,augusdj01
Deni Avdija,4.6,10.3,1.6,4.7,1.7,2.3,0.9,7.8,2.9,1.1,0.7,1.4,3.5,12.4,.443,.330,.753,avdijde01
Joel Ayayi,5.7,12.8,1.7,4.8,2.3,2.9,1.6,6.7,4.2,1.0,0.6,1.8,2.6,15.5,.447,.350,.783,ayayijo01
Deandre Ayton,8.6,13.8,0.2,0.6,2.3,3.0,3.4,12.3,1.9,0.8,1.1,1.9,3.1,19.6,.624,.337,.762,aytonde01
Udoka Azubuike,6.3,10.6,0.8,2.2,2.0,2.9,2.5,10.2,1.6,0.6,1.5,2.1,3.9,15.5,.596,.364,.706,azubuud01
Marvin Bagley III,7.4,14.6,1.0,3.3,2.3,3.5,3.2,10.4,1.5,0.7,0.6,1.5,3.0,18.2,.510,.292,.653,baglema01
LaMelo Ball,7.9,17.8,3.1,7.7,3.2,3.8,1.6,7.6,8.3,1.8,0.5,3.4,3.4,22.1,.446,.395,.848,ballla01
Lonzo Ball,5.4,12.6,3.2,8.0,0.9,1.2,1.0,5.9,6.0,1.8,0.8,2.5,2.4,14.9,.426,.403,.745,balllo01
Mo Bamba,6.1,12.6,2.1,5.5,1.4,1.9,3.1,11.5,1.9,0.8,2.4,1.6,3.7,15.7,.484,.376,.755,bambamo01
Desmond Bane,7.5,15.9,3.4,7.7,2.0,2.2,0.8,5.4,3.3,1.4,0.5,1.7,3.0,20.3,.471,.440,.885,banede01
Dalano Banton,4.7,10.9,0.9,3.1,1.6,2.5,1.9,6.6,4.9,1.4,0.6,2.6,3.3,12.0,.432,.295,.647,bantoda01
Cat Barber,5.6,13.0,1.7,4.9,2.3,3.8,1.6,6.8,4.0,1.1,0.7,2.1,2.9,15.3,.433,.354,.612,barbeca01
Harrison Barnes,5.4,11.5,1.9,4.8,4.1,5.0,1.1,6.1,2.8,0.7,0.2,1.6,1.4,16.9,.472,.389,.822,barneha02
Scottie Barnes,6.5,12.8,0.9,2.8,2.3,3.0,2.7,7.8,3.6,1.1,0.8,1.8,2.6,16.1,.505,.319,.748,barnesc01
RJ Barrett,7.1,16.6,2.0,5.3,3.9,5.3,1.0,6.2,3.2,0.7,0.3,2.1,2.3,20.1,.430,.367,.726,barrerj01
Will Barton,6.0,13.7,2.3,6.3,1.8,2.2,0.8,5.4,4.1,0.9,0.5,2.0,2.0,15.9,.433,.366,.791,bartowi01
Paris Bass,6.3,13.8,1.8,5.4,2.9,3.6,1.9,7.2,3.5,1.3,0.7,2.4,3.2,17.1,.452,.329,.802,basspa01
Charles Bassey,6.4,11.6,0.9,3.0,2.3,3.0,3.2,10.2,2.6,1.1,2.2,1.8,4.8,16.0,.550,.314,.772,bassech01
Keita Bates-Diop,5.2,10.4,0.9,2.8,1.9,2.6,2.1,8.1,1.8,1.1,0.6,1.6,2.3,13.2,.496,.324,.745,bateske01
Nicolas Batum,4.2,9.1,2.4,6.0,0.8,1.1,0.9,6.2,2.7,1.4,0.9,1.1,2.1,11.5,.455,.392,.738,batumni01
Kent Bazemore,4.2,10.5,1.9,5.1,1.5,2.1,0.8,5.7,2.6,1.7,0.8,1.9,4.3,11.8,.397,.372,.733,bazemke01
Darius Bazley,5.4,12.7,1.6,5.2,2.3,3.3,1.3,8.3,2.0,1.0,1.1,1.9,1.4,14.8,.426,.311,.707,bazleda01
Bradley Beal,9.6,20.7,2.0,6.0,5.3,6.2,1.1,4.8,5.6,1.0,0.4,3.2,2.4,26.6,.465,.329,.857,bealbr01
Malik Beasley,6.5,15.8,4.1,10.6,1.3,1.5,0.6,4.5,2.3,0.9,0.2,1.1,1.8,18.4,.412,.385,.823,beaslma01
Jordan Bell,5.4,11.9,1.3,3.8,2.2,3.1,2.3,8.2,3.3,1.2,1.1,2.2,3.2,14.3,.452,.347,.724,belljo01
DeAndre' Bembry,4.5,8.5,0.7,1.9,1.2,1.8,1.4,5.7,2.9,1.8,0.8,1.7,3.6,10.8,.525,.340,.653,bembrde01
Dāvis Bertāns,4.9,12.4,3.7,10.0,2.1,2.4,0.6,5.0,1.6,0.8,0.5,1.0,3.5,15.6,.394,.370,.864,bertada01
Patrick Beverley,4.3,10.5,2.1,5.9,2.0,2.8,1.5,5.8,5.5,1.5,1.1,1.8,4.3,12.7,.410,.353,.729,beverpa01
Saddiq Bey,5.9,14.5,2.9,8.1,2.7,3.3,1.3,6.1,2.9,1.0,0.3,1.2,1.8,17.5,.410,.365,.834,beysa01
Khem Birch,4.0,8.2,0.3,1.1,2.1,2.9,4.0,8.6,2.2,1.1,1.0,1.1,3.3,10.4,.487,.235,.723,birchkh01
Goga Bitadze,6.2,12.5,1.3,4.3,3.0,4.2,3.5,8.8,2.8,1.0,2.4,1.9,5.0,16.7,.498,.293,.713,bitadgo01
Bismack Biyombo,5.0,8.8,0.2,0.6,2.1,3.9,3.7,10.0,2.1,0.6,1.8,1.9,4.1,12.2,.562,.352,.538,biyombi01
Nemanja Bjelica,5.2,11.3,1.8,5.0,1.8,2.5,1.9,8.5,4.5,1.2,0.7,2.4,4.0,14.1,.461,.360,.738,bjeline01
Eric Bledsoe,5.4,12.8,1.7,5.1,2.4,3.3,0.7,4.8,5.4,1.4,0.5,2.6,2.2,14.9,.425,.326,.735,bledser01
Keljin Blevins,4.2,11.8,2.0,6.5,1.2,1.7,1.6,5.3,2.5,1.3,0.3,1.9,3.0,11.6,.357,.307,.680,blevike01
Bogdan Bogdanović,6.8,15.4,3.4,8.8,1.7,2.1,0.6,4.8,3.9,1.3,0.3,1.5,2.7,18.7,.441,.383,.832,bogdabo01
Bojan Bogdanović,6.9,15.4,3.0,7.7,3.7,4.3,0.9,4.8,2.2,0.6,0.1,2.1,2.0,20.4,.445,.385,.864,bogdabo02
Bol Bol,6.2,12.8,1.6,4.3,2.2,3.1,1.3,7.1,2.8,0.9,1.2,2.2,2.7,16.2,.487,.366,.694,bolbo01
Leandro Bolmaro,4.1,10.1,1.2,3.7,2.1,2.5,2.1,6.7,3.4,1.0,0.3,1.9,3.4,11.4,.404,.332,.815,bolmale01
Isaac Bonga,3.7,8.4,1.1,3.4,1.7,2.3,1.8,6.0,2.5,1.5,0.8,1.7,4.3,10.2,.439,.329,.753,bongais01
Devin Booker,9.9,20.7,2.5,6.7,5.1,5.9,0.7,5.0,5.1,1.0,0.4,2.8,2.8,27.4,.477,.373,.874,bookede01
Brandon Boston Jr.,6.1,14.9,1.7,5.2,2.8,3.4,1.0,5.7,2.7,1.2,0.6,1.5,2.1,16.7,.410,.327,.820,bostobr01
Chris Boucher,6.1,12.8,1.7,5.2,3.3,4.3,3.5,10.2,1.0,1.0,1.9,1.1,3.8,17.2,.477,.326,.779,bouchch01
James Bouknight,6.0,15.4,2.0,5.6,3.0,3.6,2.3,6.5,3.4,1.0,0.3,1.8,3.2,17.1,.393,.360,.846,bouknja01
Avery Bradley,4.1,9.7,2.0,5.5,0.6,0.8,0.8,3.7,1.7,1.3,0.3,1.2,3.1,10.8,.418,.371,.828,bradlav01
Tony Bradley,5.8,9.7,0.3,0.8,1.7,2.5,4.2,11.9,2.1,0.8,1.8,2.0,3.8,13.6,.600,.356,.695,bradlto01
Ignas Brazdeikis,5.6,12.6,1.8,5.4,1.7,2.4,1.6,5.5,2.8,0.8,0.3,1.4,3.1,14.7,.442,.333,.705,brazdig01
Mikal Bridges,5.7,10.6,1.6,4.2,1.7,2.1,1.0,4.6,2.4,1.2,0.6,0.9,2.0,14.7,.536,.389,.836,bridgmi01
Miles Bridges,7.1,14.3,2.0,5.7,2.9,3.6,1.3,7.2,3.5,0.9,0.9,1.9,2.5,19.1,.495,.354,.815,bridgmi02
Oshae Brissett,5.0,11.6,2.0,5.4,2.8,3.8,2.4,8.2,1.8,1.1,0.8,1.2,2.6,14.7,.432,.366,.719,brissos01
Malcolm Brogdon,7.5,16.8,2.1,6.0,3.5,4.1,1.1,5.6,6.3,0.9,0.4,2.3,2.2,20.6,.448,.346,.857,brogdma01
Armoni Brooks,4.8,12.6,3.2,9.9,1.0,1.2,0.9,4.8,2.7,1.1,0.5,1.3,2.9,13.7,.378,.327,.793,brookar01
Dillon Brooks,8.2,19.2,2.2,6.4,3.1,3.8,1.1,4.1,3.1,1.4,0.4,2.1,4.2,21.7,.427,.337,.827,brookdi01
Bruce Brown,5.4,10.5,0.7,2.0,2.1,2.7,2.1,7.4,3.2,1.5,0.9,1.3,3.5,13.5,.514,.374,.754,brownbr01
Charlie Brown Jr.,3.9,10.5,1.1,4.0,2.2,2.6,2.0,6.1,2.4,1.5,0.7,1.5,3.5,11.1,.372,.267,.844,brownch02
Chaundee Brown Jr.,5.1,12.3,2.0,5.6,2.3,2.8,1.1,6.3,2.8,1.0,0.4,1.4,2.7,14.5,.418,.352,.797,brownch05
Greg Brown III,5.0,11.2,1.3,3.8,2.6,3.6,2.1,7.6,2.4,1.4,1.2,2.0,4.5,13.8,.449,.336,.707,browngr01
Jaylen Brown,9.2,19.2,2.7,7.3,3.7,4.9,1.0,6.5,3.6,1.2,0.4,2.8,2.8,24.9,.481,.374,.760,brownja02
Moses Brown,6.2,11.2,0.3,0.9,3.5,5.6,4.6,13.5,0.9,1.0,1.6,1.9,4.1,16.3,.555,.371,.631,brownmo01
Sterling Brown,4.2,10.0,2.1,5.8,1.0,1.2,1.3,7.6,2.2,1.0,0.4,1.4,3.0,11.5,.420,.366,.836,brownst02
Troy Brown Jr.,4.4,10.0,1.6,4.5,1.2,1.5,1.4,7.2,2.6,1.2,0.3,1.2,2.4,11.5,.440,.355,.774,browntr01
Jalen Brunson,7.1,14.0,1.5,3.8,2.6,3.1,0.7,4.7,5.3,0.9,0.1,1.8,2.2,18.3,.507,.383,.827,brunsja01
Thomas Bryant,6.8,12.5,1.2,3.5,2.7,3.4,2.3,8.8,2.4,0.7,1.4,1.6,3.4,17.6,.546,.346,.802,bryanth01
Shaq Buchanan,6.0,13.2,1.8,5.3,2.4,3.1,1.7,6.7,3.9,1.3,0.7,2.3,2.9,16.1,.452,.330,.777,buchash01
Reggie Bullock,4.2,10.0,2.7,7.2,0.9,1.1,0.6,4.5,1.8,0.9,0.3,0.9,2.4,11.9,.416,.372,.842,bullore01
Trey Burke,6.3,15.3,2.2,6.3,1.9,2.2,0.6,3.1,4.0,1.2,0.2,1.7,2.8,16.7,.415,.342,.853,burketr01
Alec Burks,5.0,12.4,2.5,6.2,3.3,4.0,0.8,6.2,3.6,1.2,0.4,1.5,3.2,15.7,.401,.400,.831,burksal01
Jared Butler,6.2,14.4,2.6,7.6,1.6,2.1,0.8,5.3,5.6,1.6,0.8,2.8,4.0,16.6,.432,.336,.739,butleja02
Jimmy Butler,7.2,15.1,0.6,2.3,7.1,8.3,1.9,6.6,6.2,1.8,0.5,2.3,1.7,22.1,.477,.247,.860,butleji01
Devontae Cacok,6.2,11.4,0.9,2.6,2.0,2.9,2.3,9.6,2.5,1.7,1.3,1.6,3.5,15.4,.546,.360,.664,cacokde01
Kentavious Caldwell-Pope,5.2,11.8,2.3,6.0,2.0,2.3,0.7,3.9,2.3,1.2,0.4,1.4,2.2,14.7,.437,.392,.868,caldwke01
Facundo Campazzo,3.4,9.0,1.8,5.7,1.9,2.4,0.7,3.7,6.1,1.9,0.6,2.0,3.6,10.5,.376,.319,.804,campafa01
Vlatko Čančar,5.1,10.3,1.5,3.9,2.0,2.7,1.6,6.6,3.1,1.0,0.6,1.9,3.0,13.7,.495,.385,.732,cancavl01
Devin Cannady,5.1,12.3,2.8,7.1,2.0,2.7,0.8,4.1,2.9,1.3,0.7,1.6,2.8,14.9,.413,.389,.772,cannade01
Clint Capela,6.9,11.5,0.1,0.3,1.8,3.4,4.9,15.5,1.5,0.9,1.8,1.1,2.9,15.6,.599,.347,.527,capelca01
Vernon Carey Jr.,6.1,12.3,1.3,3.7,3.1,4.5,2.5,7.7,2.5,1.1,0.9,2.0,3.1,16.5,.495,.345,.674,careyve01
Jevon Carter,4.3,10.6,2.6,6.7,0.7,0.9,0.8,4.7,3.7,1.2,0.6,1.3,2.8,12.0,.409,.386,.792,carteje01
Wendell Carter Jr.,6.7,12.7,1.1,3.3,3.0,4.2,3.0,12.2,3.1,0.8,0.9,2.1,3.4,17.5,.527,.334,.717,cartewe01
Alex Caruso,3.7,8.8,1.4,4.1,1.8,2.4,1.0,4.8,4.8,2.0,0.5,1.9,3.2,10.6,.418,.355,.745,carusal01
Willie Cauley-Stein,4.8,8.7,0.4,1.2,1.6,2.5,2.4,8.8,2.0,1.1,1.4,1.4,4.3,11.5,.551,.321,.654,caulewi01
Ahmad Caver,6.3,13.3,1.9,5.2,2.5,3.3,1.5,6.6,3.7,1.1,0.7,2.0,2.9,17.0,.474,.357,.778,caverah01
Justin Champagnie,4.9,10.3,1.5,4.2,1.7,2.0,3.7,8.5,2.3,1.1,0.6,1.4,3.6,13.0,.476,.368,.865,champju01
Zylan Cheatham,5.8,13.1,1.7,5.2,2.4,3.1,1.5,6.5,3.5,1.1,0.7,2.1,3.1,15.8,.446,.329,.774,cheatzy01
Chris Chiozza,3.8,10.4,1.8,5.5,1.1,1.4,1.0,4.4,6.4,1.3,0.3,2.7,3.0,10.6,.369,.334,.770,chiozch01
Marquese Chriss,6.4,13.2,0.9,2.9,2.8,3.8,3.0,10.1,2.7,1.2,1.3,2.0,4.9,16.5,.485,.322,.724,chrisma01
Josh Christopher,6.2,13.4,1.6,5.1,2.3,3.1,1.5,5.3,4.1,1.7,0.4,2.9,2.6,16.4,.463,.314,.750,chrisjo01
Gary Clark,3.4,8.8,2.2,6.2,0.9,1.2,2.0,7.3,2.0,1.0,0.7,1.1,2.2,9.8,.381,.352,.761,clarkga01
Brandon Clarke,7.7,12.9,0.4,1.5,2.3,3.4,3.2,9.2,2.5,1.2,1.6,1.1,3.0,18.1,.595,.291,.684,clarkbr01
Jordan Clarkson,8.1,19.1,3.4,10.2,2.5,3.0,1.1,4.8,3.3,1.1,0.3,2.2,2.4,22.0,.423,.330,.842,clarkjo01
Nic Claxton,6.4,10.0,0.2,0.7,2.1,3.5,3.1,9.6,1.9,1.0,1.9,1.4,3.8,15.1,.640,.346,.588,claxtni01
Amir Coffey,4.9,10.8,2.2,5.7,2.4,2.8,0.7,4.7,2.9,0.9,0.3,1.2,2.2,14.4,.458,.385,.835,coffeam01
John Collins,7.8,14.4,1.5,4.0,3.1,3.8,2.2,9.2,2.0,0.7,1.2,1.5,3.5,20.2,.544,.383,.809,collijo01
Zach Collins,5.6,11.4,1.2,3.4,3.3,4.1,2.9,9.9,4.1,1.0,1.4,2.8,4.3,15.6,.488,.353,.798,colliza01
Darren Collison,5.2,12.0,1.5,4.8,2.0,2.6,1.2,6.0,3.3,1.1,0.6,1.9,3.3,14.0,.436,.309,.769,collida01
Mike Conley,6.1,14.3,2.9,7.3,2.4,3.0,0.9,4.0,6.5,1.6,0.3,2.3,2.5,17.6,.430,.398,.808,conlemi01
Pat Connaughton,4.6,10.1,2.7,7.0,1.0,1.2,1.2,6.5,2.0,1.2,0.4,0.9,2.0,12.8,.450,.382,.806,connapa01
Tyler Cook,5.3,9.2,0.6,1.5,2.6,4.0,2.3,8.2,1.8,0.8,0.5,1.6,3.6,13.8,.577,.371,.648,cookty01
Sharife Cooper,5.6,13.0,1.7,5.2,2.1,2.7,1.3,6.4,4.0,0.9,0.6,2.5,2.5,15.0,.429,.329,.784,coopesh01
Petr Cornelie,5.8,13.3,1.7,5.7,2.6,3.4,2.5,7.9,3.5,1.1,0.8,2.4,3.6,16.0,.438,.298,.771,cornepe01
DeMarcus Cousins,7.0,15.6,2.0,6.2,3.9,5.2,3.1,12.4,3.6,1.6,1.0,3.7,6.0,19.9,.447,.320,.752,couside01
Robert Covington,3.9,9.4,2.3,6.2,1.1,1.4,1.1,7.3,1.8,1.8,1.5,1.4,3.4,11.2,.414,.368,.817,covinro01
Torrey Craig,4.6,10.2,1.7,5.1,1.0,1.3,2.0,7.2,2.1,1.1,0.9,1.4,3.5,11.9,.455,.334,.743,craigto01
Jae Crowder,4.3,10.7,2.6,7.3,1.4,1.8,0.7,6.6,2.6,1.5,0.6,1.2,3.1,12.6,.401,.356,.776,crowdja01
Jarrett Culver,5.6,13.4,1.4,4.8,1.9,3.3,1.8,6.1,2.9,1.6,0.7,2.0,3.7,14.4,.415,.292,.563,culveja01
Jarron Cumberland,5.9,12.7,1.7,5.1,2.4,3.1,1.7,6.9,3.7,1.1,0.7,1.9,3.1,16.0,.468,.345,.778,cumbeja01
Cade Cunningham,7.5,17.4,2.0,6.1,2.5,3.0,1.1,6.3,6.1,1.4,0.8,3.8,3.3,19.5,.432,.329,.847,cunnica01
Seth Curry,6.0,12.5,2.7,6.3,1.5,1.7,0.4,3.4,3.6,0.9,0.2,1.7,2.4,16.1,.478,.425,.863,curryse01
Stephen Curry,9.2,20.5,4.7,12.3,4.8,5.3,0.6,5.6,6.2,1.3,0.3,3.4,2.1,27.9,.447,.387,.915,curryst01
Anthony Davis,9.2,17.9,0.7,2.6,4.9,6.5,2.4,9.5,3.3,1.3,2.1,2.2,2.4,23.9,.513,.258,.746,davisan02
Ed Davis,3.3,6.8,0.5,1.5,1.5,2.4,3.1,10.7,2.3,1.0,1.3,1.3,5.4,8.6,.486,.355,.634,davised01
Terence Davis,6.9,15.7,3.1,8.6,2.0,2.4,0.9,6.1,3.0,1.5,0.6,2.1,3.8,18.8,.438,.358,.819,daviste02
Gabriel Deck,5.8,11.9,1.3,3.9,2.3,2.9,1.7,6.2,3.7,1.1,0.4,1.6,2.2,15.1,.484,.331,.796,deckga01
Dewayne Dedmon,5.6,10.5,0.8,2.3,2.5,3.3,3.3,12.2,1.8,0.9,1.3,2.4,5.7,14.5,.540,.342,.752,dedmode01
Sam Dekker,6.0,13.1,1.8,5.2,2.5,3.2,1.5,6.6,3.7,1.1,0.7,2.0,2.9,16.4,.461,.353,.774,dekkesa01
Javin DeLaurier,6.0,12.9,1.9,5.1,2.5,3.2,1.5,6.8,3.7,1.4,0.7,2.0,3.0,16.5,.469,.361,.780,delauja01
DeMar DeRozan,9.3,18.6,0.6,1.7,6.5,7.5,0.7,5.1,5.5,0.9,0.3,2.3,2.4,25.6,.498,.328,.871,derozde01
Mamadi Diakite,5.2,10.8,0.8,2.8,2.0,2.8,2.4,9.1,2.0,1.2,1.3,1.5,4.6,13.2,.482,.279,.704,diakima01
Cheick Diallo,6.1,12.0,1.1,3.1,3.0,3.7,2.1,8.5,2.7,1.1,0.7,2.1,3.8,16.3,.505,.361,.811,diallch01
Hamidou Diallo,7.0,14.3,0.8,2.7,2.9,4.4,1.9,7.8,2.4,1.7,0.6,1.8,3.9,17.8,.494,.295,.659,diallha01
Gorgui Dieng,5.4,11.4,2.2,5.5,2.6,3.3,2.7,10.0,3.1,1.4,1.2,2.0,4.2,15.6,.475,.399,.792,dienggo01
Spencer Dinwiddie,5.8,14.0,2.0,6.1,3.8,4.9,0.8,5.1,6.3,0.8,0.3,2.1,2.8,17.5,.418,.334,.776,dinwisp01
Donte DiVincenzo,4.8,12.1,2.5,7.0,1.8,2.3,1.5,6.9,4.1,1.6,0.3,2.2,2.4,14.0,.401,.359,.799,divindo01
Luka Dončić,10.2,21.4,3.1,8.7,5.8,7.7,1.0,9.2,8.9,1.1,0.6,4.3,2.3,29.2,.474,.358,.750,doncilu01
Luguentz Dort,6.2,15.0,2.7,7.8,3.2,3.9,0.9,4.7,2.1,1.1,0.4,1.8,3.2,18.2,.411,.344,.817,dortlu01
Ayo Dosunmu,4.9,9.4,1.3,3.3,1.0,1.5,0.6,3.9,4.4,1.1,0.5,1.8,3.0,12.2,.523,.383,.704,dosunay01
Damyean Dotson,5.1,12.0,1.9,6.1,1.3,1.8,0.5,4.4,3.4,0.8,0.3,1.6,1.9,13.3,.423,.316,.710,dotsoda01
Devon Dotson,5.9,12.3,1.5,4.7,2.2,3.2,1.2,5.6,4.7,1.1,0.4,1.9,3.3,15.5,.483,.312,.702,dotsode01
Sekou Doumbouya,5.1,12.0,1.4,4.8,2.1,2.9,1.6,6.3,2.2,1.2,0.6,1.9,3.5,13.6,.421,.284,.731,doumbse01
Jeff Dowtin,4.8,11.4,1.3,4.3,1.8,2.3,2.0,6.5,3.6,1.4,0.6,1.9,2.4,12.7,.421,.293,.805,dowtije01
PJ Dozier,4.8,11.7,1.6,5.0,1.5,2.1,1.3,6.3,3.3,1.1,0.7,1.6,3.1,12.8,.414,.327,.704,doziepj01
Goran Dragić,5.7,13.7,2.0,6.0,2.7,3.3,0.8,4.6,5.8,1.0,0.3,2.9,3.1,16.0,.416,.335,.801,dragigo01
Andre Drummond,6.9,12.9,0.1,0.5,2.7,4.7,5.1,16.0,3.1,1.9,1.6,3.1,4.5,16.5,.533,.253,.566,drumman01
Chris Duarte,6.3,14.3,2.2,5.9,2.2,2.7,1.0,5.5,2.8,1.3,0.3,2.1,2.3,17.0,.440,.373,.804,duartch01
David Duke Jr.,4.8,11.9,1.3,4.3,2.1,2.6,2.7,7.1,2.5,1.4,0.7,1.3,3.4,13.0,.407,.295,.803,dukeda01
Kris Dunn,4.8,11.0,0.7,2.7,1.8,2.2,1.0,5.6,6.1,2.3,0.5,2.7,4.1,12.1,.434,.263,.834,dunnkr01
Kevin Durant,9.8,19.0,2.1,5.4,6.2,6.9,0.5,7.1,5.9,0.8,1.0,3.4,2.1,27.9,.514,.391,.898,duranke01
Jaime Echenique,6.0,12.9,1.8,5.1,2.5,3.2,1.5,6.6,3.7,1.1,0.7,2.0,2.8,16.4,.467,.359,.778,echenja01
Anthony Edwards,8.1,18.1,3.0,8.3,3.3,4.2,1.0,5.3,3.9,1.5,0.7,2.6,2.2,22.5,.448,.362,.792,edwaran01
Carsen Edwards,5.6,13.6,2.1,6.8,1.7,2.1,0.9,4.8,3.5,1.1,0.4,1.7,2.9,15.0,.411,.312,.796,edwarca01
Kessler Edwards,4.4,10.2,1.8,5.0,0.9,1.1,1.6,6.5,1.5,1.1,0.9,1.6,3.0,11.5,.433,.364,.820,edwarke02
Rob Edwards,5.9,13.1,2.0,5.7,2.4,3.1,1.5,6.9,3.5,1.1,0.7,2.1,2.7,16.2,.452,.343,.777,edwarro01
CJ Elleby,4.1,10.0,1.3,4.2,2.0,2.7,2.0,7.0,2.8,1.1,0.6,1.7,3.5,11.5,.414,.304,.733,ellebcj01
Wayne Ellington,4.8,11.4,3.5,9.1,0.8,1.0,0.5,3.6,2.0,0.9,0.3,1.1,2.1,13.9,.419,.389,.795,ellinwa01
Joel Embiid,10.1,20.3,1.4,3.9,9.9,12.0,2.4,12.3,4.1,1.2,1.5,3.4,2.9,31.6,.500,.368,.824,embiijo01
James Ennis III,4.8,10.4,1.7,4.4,2.5,3.1,1.7,6.4,2.4,1.1,0.5,1.5,3.3,13.7,.460,.383,.797,ennisja01
Drew Eubanks,6.2,10.7,0.3,0.9,3.0,4.0,3.5,10.9,2.5,0.9,1.4,2.3,3.6,15.8,.582,.313,.759,eubandr01
Tacko Fall,5.5,10.8,1.0,2.9,2.0,3.6,2.7,9.9,2.5,0.7,2.4,1.9,3.4,14.0,.510,.362,.546,fallta01
Derrick Favors,5.4,9.8,0.2,1.0,1.5,2.1,3.7,11.3,1.8,1.0,1.3,1.1,3.9,12.6,.554,.252,.692,favorde01
Bruno Fernando,6.0,11.2,0.7,2.2,2.6,3.9,2.9,10.5,2.5,0.7,1.2,2.6,4.3,15.3,.536,.321,.673,fernabr01
Dorian Finney-Smith,4.4,9.4,2.3,5.8,0.8,1.2,1.8,5.5,2.1,1.1,0.5,1.1,2.6,11.9,.469,.391,.704,finnedo01
Malik Fitts,5.7,12.4,2.2,5.4,1.8,2.3,1.4,7.6,3.4,0.8,0.5,1.7,2.9,15.3,.456,.406,.779,fittsma01
Malachi Flynn,5.1,12.7,2.1,6.1,1.5,2.1,0.7,4.7,4.9,1.4,0.3,1.3,2.8,13.9,.403,.338,.739,flynnma01
Bryn Forbes,6.4,14.5,3.5,8.3,1.9,2.2,0.4,3.0,2.0,0.7,0.1,1.5,2.5,18.1,.441,.419,.859,forbebr01
Aleem Ford,5.2,12.1,1.6,5.8,1.8,2.3,1.4,6.9,2.9,1.0,0.5,2.0,3.0,13.7,.427,.274,.780,fordal03
Trent Forrest,4.1,8.4,0.5,2.1,2.0,2.4,1.2,5.1,4.9,1.3,0.4,2.2,2.2,10.7,.486,.256,.821,forretr01
Evan Fournier,6.4,14.9,3.5,8.8,1.8,2.4,0.5,3.4,3.0,1.2,0.4,1.8,2.8,18.1,.429,.391,.752,fournev01
De'Aaron Fox,9.0,18.7,1.5,4.7,4.8,6.4,0.6,4.1,6.3,1.3,0.5,2.9,3.0,24.2,.480,.313,.741,foxde01
Melvin Frazier,5.1,13.4,1.3,5.6,2.0,2.7,1.5,5.4,2.2,0.9,0.4,1.6,2.7,13.6,.384,.231,.751,frazime01
Tim Frazier,3.8,10.2,1.2,3.9,1.6,2.4,1.0,4.6,5.7,0.9,0.4,2.5,4.0,10.4,.371,.321,.668,fraziti01
Enes Freedom,6.2,11.0,0.3,0.7,2.5,3.1,5.2,14.6,1.7,0.7,1.1,1.7,3.5,15.2,.566,.352,.782,kanteen01
Markelle Fultz,7.2,15.5,0.8,2.6,2.5,3.1,0.8,5.0,7.5,1.7,0.4,3.0,2.5,17.7,.467,.294,.792,fultzma01
Wenyen Gabriel,5.2,11.0,1.3,3.7,2.4,3.7,3.2,8.7,2.0,0.9,1.0,1.9,5.4,14.1,.473,.343,.652,gabriwe01
Daniel Gafford,7.0,10.4,0.2,0.4,2.8,4.0,3.8,9.9,1.8,0.9,2.6,1.7,4.2,17.0,.676,.353,.697,gaffoda01
Danilo Gallinari,5.8,13.5,2.6,6.8,3.6,4.0,0.7,6.4,2.3,0.7,0.3,1.1,2.3,17.8,.430,.384,.899,gallida01
Langston Galloway,4.9,11.6,2.3,6.4,1.6,1.9,0.9,4.4,2.7,0.8,0.2,1.4,2.3,13.8,.422,.365,.852,gallola01
Darius Garland,7.7,16.6,2.4,6.2,2.8,3.2,0.6,3.3,7.8,1.3,0.1,3.4,1.9,20.7,.465,.392,.881,garlada01
Marcus Garrett,4.1,10.0,1.2,3.4,1.7,2.5,2.0,6.7,3.0,1.3,0.8,1.4,3.6,11.1,.412,.347,.688,garrema01
Usman Garuba,4.3,9.3,1.2,3.9,1.5,2.0,2.6,10.4,3.1,1.4,1.3,1.3,3.6,11.4,.465,.321,.767,garubus01
Luka Garza,6.2,13.4,1.6,4.7,3.3,5.0,4.3,8.6,2.4,0.9,0.6,1.8,4.4,17.3,.461,.343,.661,garzalu01
Rudy Gay,6.0,14.5,2.4,6.8,2.2,2.8,1.6,8.1,2.3,1.0,0.8,1.8,3.2,16.7,.416,.350,.798,gayru01
Paul George,8.6,19.7,3.2,8.3,4.0,4.7,0.7,7.0,5.4,1.7,0.5,3.7,2.6,24.4,.438,.379,.858,georgpa01
Taj Gibson,3.9,7.3,0.5,1.5,1.6,2.1,3.3,8.7,1.5,1.0,1.5,1.2,4.6,9.9,.533,.351,.769,gibsota01
Josh Giddey,6.2,14.0,1.3,4.5,1.3,1.8,2.1,9.0,7.2,1.1,0.5,3.4,1.9,14.9,.439,.285,.732,giddejo01
Shai Gilgeous-Alexander,8.6,18.1,1.7,5.2,5.7,7.0,0.7,5.4,5.8,1.2,0.8,2.7,2.4,24.6,.473,.336,.813,gilgesh01
Anthony Gill,5.1,9.7,1.3,3.0,2.9,3.7,2.3,6.9,2.4,0.7,0.8,1.5,4.2,14.4,.524,.418,.801,gillan01
Freddie Gillespie,4.5,9.3,0.7,1.9,2.0,2.9,3.1,8.7,2.0,1.1,1.7,1.5,3.9,11.6,.481,.353,.685,gillefr01
Rudy Gobert,6.2,9.1,0.1,0.3,4.5,6.8,3.9,15.5,1.4,0.7,2.5,2.0,2.9,17.0,.682,.288,.667,goberru01
Brandon Goodwin,5.1,12.3,1.7,5.0,1.9,2.7,0.9,5.0,5.6,1.4,0.2,2.3,2.7,13.6,.412,.333,.685,goodwbr01
Jordan Goodwin,5.9,13.3,1.8,5.2,2.5,3.2,1.5,6.7,3.6,1.1,0.7,2.0,3.0,16.2,.447,.347,.780,goodwjo01
Aaron Gordon,6.4,12.8,1.4,4.1,2.6,3.6,1.9,7.0,3.3,0.8,0.7,2.1,2.3,16.8,.500,.335,.720,gordoaa01
Eric Gordon,6.0,13.3,2.7,7.2,2.6,3.4,0.4,2.7,3.2,0.7,0.4,2.3,1.7,17.3,.450,.375,.784,gordoer01
Devonte' Graham,5.2,14.0,3.3,9.4,2.3,2.8,0.6,3.3,5.7,1.1,0.2,1.9,1.7,16.2,.375,.355,.836,grahade01
Jerami Grant,7.2,16.5,2.2,6.0,5.0,5.9,0.8,4.8,2.7,0.9,1.1,2.0,2.6,21.4,.433,.358,.833,grantje01
Hassani Gravett,5.0,10.5,2.1,5.4,1.6,2.0,0.9,5.6,4.0,1.1,0.5,2.0,2.8,13.6,.470,.393,.773,graveha01
Danny Green,3.8,9.5,2.8,7.4,0.6,0.7,1.0,4.6,2.0,1.6,0.9,1.3,2.7,11.0,.402,.381,.761,greenda02
Draymond Green,3.6,7.5,0.6,2.2,1.6,2.2,1.1,8.4,8.8,1.7,1.1,3.5,3.6,9.3,.476,.290,.712,greendr01
Jalen Green,7.0,15.8,2.7,7.5,3.2,4.0,0.6,4.1,3.1,0.8,0.3,2.2,1.8,19.9,.444,.358,.805,greenja05
JaMychal Green,5.3,11.2,1.7,5.1,2.1,2.6,2.5,9.1,1.9,1.2,0.8,1.8,4.9,14.4,.468,.332,.839,greenja01
Javonte Green,4.3,8.2,0.9,2.6,2.0,2.5,2.1,6.4,1.6,1.6,0.7,1.0,3.2,11.6,.526,.350,.806,greenja02
Jeff Green,5.3,10.6,1.4,4.1,2.9,3.6,0.8,4.8,2.0,0.6,0.5,1.4,2.8,14.9,.498,.348,.810,greenje02
Josh Green,4.6,9.2,1.0,2.9,1.3,1.8,1.9,6.0,2.8,1.5,0.5,1.5,3.6,11.5,.505,.348,.698,greenjo02
Blake Griffin,5.2,12.4,1.7,5.8,2.4,3.3,1.7,7.6,4.0,1.0,0.5,1.6,3.4,14.5,.418,.293,.737,griffbl01
Quentin Grimes,4.8,11.1,3.1,8.0,1.0,1.3,1.2,4.8,2.4,1.4,0.6,1.4,3.2,13.6,.428,.389,.732,grimequ01
Kyle Guy,5.3,13.0,2.3,6.7,2.1,2.8,1.0,5.0,3.9,1.2,0.3,2.1,2.7,15.1,.410,.338,.751,guyky01
Rui Hachimura,6.7,13.7,1.5,3.7,2.3,3.0,1.1,6.4,2.0,0.9,0.3,1.3,2.3,17.2,.489,.400,.758,hachiru01
Tyrese Haliburton,6.0,12.3,2.3,5.4,1.9,2.3,0.9,4.2,7.9,1.8,0.7,2.4,1.7,16.1,.484,.422,.847,halibty01
Tyler Hall,6.1,13.0,1.9,5.2,2.5,3.2,1.5,6.6,3.7,1.1,0.7,2.0,2.9,16.5,.467,.359,.779,hallty01
R.J. Hampton,5.0,12.0,1.6,4.4,2.1,3.1,0.8,5.8,4.0,1.1,0.4,2.1,2.5,13.7,.416,.356,.672,hamptrj01
Tim Hardaway Jr.,6.6,15.6,3.2,8.9,2.4,3.1,0.4,4.4,2.5,0.9,0.2,1.1,2.2,18.8,.421,.364,.787,hardati02
James Harden,6.7,15.8,2.5,7.4,6.9,7.9,0.9,7.3,9.4,1.3,0.6,4.1,2.4,22.9,.425,.338,.868,hardeja01
Maurice Harkless,3.7,8.1,1.2,4.0,1.2,1.6,0.8,4.9,1.6,1.3,0.9,1.3,3.5,9.8,.455,.309,.723,harklma01
Jared Harper,7.0,14.7,2.3,6.1,2.9,3.5,1.5,5.6,5.2,1.5,0.7,2.1,3.1,19.2,.478,.373,.819,harpeja01
Montrezl Harrell,8.1,13.1,0.2,0.6,4.4,6.2,3.3,9.3,2.7,0.8,1.0,1.7,3.0,20.8,.619,.259,.708,harremo01
Gary Harris,4.9,11.5,2.1,5.7,1.8,2.2,0.8,2.9,2.4,1.2,0.3,1.3,2.4,13.8,.428,.371,.847,harriga01
Joe Harris,5.8,12.0,3.3,7.2,0.9,1.2,0.8,4.6,2.1,0.7,0.3,1.3,2.5,15.8,.485,.455,.769,harrijo01
Tobias Harris,7.4,15.2,1.5,4.0,2.6,3.1,1.1,7.1,3.6,0.8,0.7,1.7,2.3,18.9,.486,.371,.848,harrito02
Shaquille Harrison,4.6,11.0,1.1,3.4,2.3,2.9,1.2,6.0,3.3,1.7,0.8,1.7,3.5,12.5,.419,.313,.790,harrish01
Josh Hart,5.3,11.0,1.6,4.8,2.7,3.6,1.3,8.4,3.9,1.2,0.3,2.0,3.0,15.0,.483,.342,.762,hartjo01
Isaiah Hartenstein,6.7,11.1,0.5,1.2,2.8,4.0,3.5,10.0,4.4,1.4,2.2,2.5,5.0,16.6,.603,.416,.695,harteis01
Udonis Haslem,5.9,13.2,1.3,4.0,2.1,2.6,1.5,8.0,2.9,0.8,0.6,2.1,4.2,15.2,.448,.326,.800,hasleud01
Sam Hauser,5.7,12.3,3.1,7.6,1.3,1.7,1.4,6.7,3.0,0.7,0.6,1.3,2.3,15.9,.466,.410,.778,hausesa01
Jaxson Hayes,6.5,10.4,0.5,1.4,3.7,4.8,3.0,8.6,1.4,0.9,1.4,1.5,3.9,17.1,.618,.369,.764,hayesja02
Killian Hayes,4.1,10.3,1.1,3.8,1.3,1.7,0.8,4.7,6.3,1.7,0.7,2.6,3.7,10.6,.399,.287,.785,hayeski01
Gordon Hayward,6.8,14.6,2.0,5.0,3.0,3.6,0.9,5.7,4.1,1.1,0.5,2.0,2.0,18.5,.463,.390,.839,haywago01
Aaron Henry,5.8,12.9,1.7,4.9,2.3,3.0,1.4,6.3,3.4,1.1,1.1,2.2,3.0,15.7,.451,.349,.781,henryaa01
Juancho Hernangómez,4.6,10.7,2.0,5.9,2.1,3.3,1.9,8.0,1.8,1.0,0.6,1.3,2.2,13.3,.432,.341,.624,hernaju01
Willy Hernangómez,6.9,13.2,0.3,1.1,3.8,5.1,5.2,13.5,2.7,0.9,0.8,2.0,3.6,18.0,.525,.313,.743,hernawi01
Tyler Herro,7.9,17.4,2.8,7.0,2.9,3.3,0.6,5.8,4.3,0.8,0.2,2.6,1.6,21.4,.454,.397,.856,herroty01
Buddy Hield,6.4,15.7,3.9,10.3,1.6,1.8,0.8,5.1,3.5,1.0,0.4,2.2,2.7,18.2,.408,.374,.857,hieldbu01
Haywood Highsmith,4.8,11.6,1.9,5.7,1.5,2.2,1.9,6.2,2.5,0.8,0.7,1.4,2.9,13.1,.416,.340,.686,highsha01
George Hill,4.1,9.1,1.4,4.2,1.9,2.2,1.1,4.4,3.7,1.2,0.2,1.4,2.1,11.4,.447,.338,.861,hillge01
Malcolm Hill,5.0,10.7,2.1,5.7,2.2,2.8,1.7,6.3,2.4,1.2,0.6,1.2,3.6,14.2,.463,.360,.782,hillma01
Solomon Hill,3.0,8.0,1.6,5.0,1.0,1.4,1.1,5.4,2.4,1.2,0.4,1.2,3.0,8.6,.371,.319,.762,hillso01
Nate Hinton,6.1,13.9,1.8,5.6,2.6,3.4,1.2,6.0,3.6,1.5,0.7,2.1,2.8,16.7,.443,.331,.765,hintona01
Jaylen Hoard,6.1,12.3,1.1,3.4,2.1,3.2,3.1,9.6,2.9,1.2,0.7,1.6,2.4,15.4,.493,.329,.648,hoardja01
Aaron Holiday,5.4,12.5,1.7,4.5,2.1,2.5,0.7,4.0,4.8,1.4,0.4,2.2,3.0,14.5,.430,.379,.844,holidaa01
Jrue Holiday,7.7,15.6,2.1,5.3,2.2,2.9,1.2,5.0,7.0,1.7,0.6,2.8,2.2,19.6,.491,.394,.759,holidjr01
Justin Holiday,4.5,11.1,2.9,7.9,1.0,1.3,0.6,3.8,2.2,1.1,0.6,1.1,2.6,12.8,.401,.369,.794,holidju01
Richaun Holmes,6.9,10.9,0.2,0.5,2.5,3.2,3.0,10.1,1.9,0.7,1.6,1.7,4.3,16.4,.632,.338,.785,holmeri01
Rodney Hood,3.7,9.4,1.5,4.6,1.1,1.3,0.9,4.2,2.1,0.9,0.3,1.0,2.2,9.9,.390,.333,.840,hoodro01
Scotty Hopson,5.8,12.6,1.7,4.9,2.3,2.9,1.4,6.1,3.5,1.0,0.6,2.3,2.9,15.5,.459,.335,.771,hopsosc01
Al Horford,5.2,11.5,1.7,5.1,1.4,1.7,1.8,8.9,4.2,0.9,1.4,1.3,2.4,13.6,.453,.337,.819,horfoal01
Talen Horton-Tucker,5.8,13.0,1.2,4.2,2.5,3.2,0.9,4.9,4.2,1.5,0.7,2.2,3.4,15.3,.444,.291,.797,hortota01
Danuel House Jr.,4.3,10.4,2.2,6.0,1.9,2.6,0.9,5.4,2.3,1.0,0.7,1.5,2.6,12.7,.415,.362,.738,houseda01
Dwight Howard,5.2,8.8,0.4,0.9,3.4,5.5,4.5,13.8,1.6,1.1,1.5,2.4,5.0,14.0,.588,.387,.609,howardw01
Markus Howard,7.2,17.3,3.8,10.2,2.9,3.5,0.8,4.4,2.7,1.3,0.3,2.0,3.3,21.1,.415,.370,.833,howarma02
Kevin Huerter,5.6,12.5,2.6,6.6,0.9,1.1,0.6,4.3,3.7,1.1,0.4,1.5,2.9,14.7,.453,.387,.803,huertke01
Jay Huff,5.5,12.3,1.7,5.0,2.3,2.9,1.6,6.8,3.5,1.2,0.8,2.0,2.8,15.0,.447,.333,.779,huffja01
Elijah Hughes,4.6,12.5,2.2,7.4,1.2,1.5,0.8,5.4,2.4,1.1,0.7,1.7,3.0,12.6,.372,.294,.779,hugheel01
Feron Hunt,5.9,12.9,1.8,5.0,2.5,3.1,1.7,6.7,3.8,1.3,0.7,2.1,2.9,16.1,.456,.363,.781,huntfe01
De'Andre Hunter,5.9,13.0,1.7,4.7,2.9,3.7,0.7,4.7,1.9,0.9,0.5,1.6,3.4,16.4,.451,.372,.786,huntede01
Chandler Hutchison,5.0,11.5,1.2,3.3,2.6,3.4,1.0,7.5,2.6,1.3,0.6,2.2,3.1,13.8,.436,.359,.751,hutchch01
Bones Hyland,6.4,15.3,3.5,9.3,3.0,3.5,0.5,5.5,5.2,1.2,0.6,2.3,4.0,19.3,.420,.376,.853,hylanbo01
Serge Ibaka,6.6,13.3,1.5,4.3,1.6,2.2,2.5,9.9,2.3,0.5,1.4,1.9,3.7,16.3,.496,.360,.751,ibakase01
Andre Iguodala,3.0,7.7,1.4,4.7,0.9,1.3,1.2,5.9,4.9,1.5,1.1,1.8,2.4,8.3,.389,.285,.702,iguodan01
Joe Ingles,4.4,10.1,2.8,7.2,1.1,1.4,0.5,4.5,5.5,0.8,0.2,2.0,2.6,12.7,.440,.388,.806,inglejo01
Brandon Ingram,8.7,18.6,1.9,5.2,5.0,5.9,0.7,6.0,5.5,0.7,0.6,2.8,2.3,24.3,.469,.363,.846,ingrabr01
Kyrie Irving,9.7,20.1,3.0,7.4,3.8,4.2,0.8,4.7,5.7,1.4,0.6,2.4,2.7,26.2,.483,.406,.910,irvinky01
Wes Iwundu,3.7,9.0,1.0,3.4,2.2,2.7,1.1,5.9,1.9,1.0,0.4,1.3,3.2,10.6,.411,.299,.802,iwundwe01
Frank Jackson,6.2,14.6,2.7,7.9,2.7,3.4,0.7,3.5,2.0,0.8,0.3,1.4,2.7,17.8,.426,.338,.819,jacksfr01
Isaiah Jackson,7.5,13.6,0.7,2.0,3.7,5.3,3.5,9.4,1.4,1.6,2.9,2.4,5.2,19.5,.554,.349,.707,jacksis01
Jaren Jackson Jr.,7.4,17.1,2.3,6.9,4.6,5.6,2.0,7.6,1.7,1.2,2.8,2.1,4.5,21.7,.433,.336,.822,jacksja02
Josh Jackson,6.1,14.5,1.7,5.7,3.0,4.1,1.2,6.1,2.9,1.2,1.0,2.6,3.8,16.9,.421,.290,.731,jacksjo02
Justin Jackson,5.4,13.1,2.0,6.4,2.0,2.4,1.1,5.5,2.9,0.8,0.3,1.6,2.4,14.9,.414,.319,.826,jacksju01
Reggie Jackson,6.9,17.3,2.6,7.4,2.0,2.4,0.6,4.3,5.2,0.9,0.2,2.4,2.6,18.5,.402,.347,.835,jacksre01
LeBron James,10.3,20.3,2.6,7.3,4.2,5.7,1.0,7.8,6.8,1.2,0.8,3.6,2.1,27.2,.506,.350,.727,jamesle01
DeJon Jarreau,6.1,13.1,1.9,5.2,2.5,3.3,1.6,6.7,3.7,1.1,0.7,2.0,2.9,16.6,.467,.359,.779,jarrede01
DaQuan Jeffries,4.7,10.5,1.6,4.9,1.3,1.6,1.4,5.8,2.5,1.1,0.7,1.4,3.3,12.4,.451,.324,.804,jeffrda01
Ty Jerome,5.7,14.0,2.6,7.7,1.7,2.1,0.8,4.2,5.0,1.2,0.3,1.8,3.1,15.7,.409,.338,.794,jeromty01
Isaiah Joe,4.3,11.3,2.8,7.8,1.9,2.2,0.6,4.0,2.4,1.0,0.3,1.2,2.8,13.3,.385,.354,.860,joeis01
Alize Johnson,5.4,11.2,0.8,2.6,2.1,2.9,4.1,11.7,2.8,1.1,0.5,2.2,3.3,13.8,.488,.301,.750,johnsal02
B.J. Johnson,6.0,13.4,1.9,5.2,2.0,2.5,2.0,7.1,2.6,0.8,0.6,1.5,2.7,15.8,.447,.368,.788,johnsbj01
Cameron Johnson,5.6,12.4,3.2,8.0,1.8,2.2,0.9,5.6,2.2,1.1,0.4,1.0,2.3,16.3,.452,.403,.848,johnsca02
David Johnson,6.2,13.2,1.9,5.3,2.6,3.3,1.6,6.7,3.7,1.2,0.7,2.0,2.8,16.8,.468,.352,.784,johnsda08
Jalen Johnson,6.5,12.8,1.5,4.6,2.2,2.8,1.2,7.3,2.6,1.1,0.7,2.3,2.8,16.6,.505,.323,.766,johnsja05
James Johnson,4.7,10.3,0.9,3.4,1.2,2.1,1.4,6.3,3.7,1.1,1.1,1.7,4.6,11.6,.455,.280,.582,johnsja01
Joe Johnson,6.0,13.2,1.8,5.2,2.4,3.2,1.5,6.4,3.5,1.1,0.7,2.1,3.0,16.3,.457,.342,.765,johnsjo02
Keldon Johnson,6.9,14.4,2.0,5.2,2.7,3.6,1.4,7.2,2.4,0.9,0.3,1.4,2.3,18.6,.480,.396,.761,johnske04
Keon Johnson,5.3,13.8,1.8,5.1,2.3,2.8,1.3,4.8,4.0,1.4,0.7,2.2,3.3,14.8,.388,.357,.808,johnske07
Stanley Johnson,3.9,8.8,1.3,4.0,1.8,2.4,1.1,5.4,2.9,1.5,0.5,1.5,3.7,11.0,.445,.327,.743,johnsst04
Tyler Johnson,4.3,10.7,2.2,6.2,1.4,1.7,0.8,4.7,3.0,0.9,0.4,1.3,2.6,12.2,.402,.356,.814,johnsty01
Nikola Jokić,10.6,18.5,1.4,4.0,5.1,6.2,2.9,13.2,8.3,1.5,0.8,3.7,2.8,27.7,.572,.350,.827,jokicni01
Carlik Jones,5.6,13.2,1.6,4.8,2.6,3.3,1.6,6.5,4.2,1.2,0.6,2.3,2.5,15.4,.422,.345,.805,jonesca03
Damian Jones,5.8,9.2,0.4,1.3,3.1,4.3,2.5,8.4,2.4,0.9,1.6,1.9,4.6,15.2,.635,.343,.727,jonesda03
Derrick Jones Jr.,4.4,8.6,1.1,3.2,2.1,2.8,2.2,6.4,1.5,1.1,1.3,1.1,3.7,12.0,.516,.327,.753,jonesde02
Herbert Jones,4.4,9.2,1.0,2.8,2.2,2.6,1.5,4.8,2.7,2.0,0.9,1.6,3.6,12.0,.482,.346,.839,joneshe01
Jemerrio Jones,6.0,12.6,1.7,4.8,2.3,3.0,1.8,6.7,3.4,1.2,0.6,1.9,3.1,16.0,.473,.356,.776,jonesje01
Kai Jones,5.9,11.7,1.5,4.1,2.4,3.6,1.6,6.7,3.4,1.0,0.8,2.4,3.3,15.8,.507,.376,.647,joneska01
Mason Jones,5.8,12.8,2.1,5.7,4.2,5.8,1.1,6.5,4.0,1.0,0.4,2.3,3.1,17.9,.454,.364,.711,jonesma05
Tre Jones,5.4,10.9,0.5,1.9,2.3,2.9,1.0,5.0,6.8,1.3,0.3,1.5,2.4,13.6,.494,.267,.796,jonestr01
Tyus Jones,5.7,12.7,1.7,4.5,1.3,1.6,0.5,4.2,7.4,1.6,0.1,1.3,1.0,14.5,.452,.376,.827,jonesty01
DeAndre Jordan,5.4,8.3,0.2,0.5,1.6,2.7,3.8,13.2,2.2,0.6,1.7,2.3,3.6,12.6,.651,.349,.575,jordade01
Cory Joseph,4.3,9.6,1.4,3.5,2.0,2.4,0.8,4.1,5.2,1.1,0.4,1.9,3.3,12.0,.448,.383,.857,josepco01
Georgios Kalaitzakis,5.7,12.1,1.8,4.7,2.5,4.3,1.3,5.0,2.8,1.6,0.5,2.7,3.0,15.6,.470,.377,.578,kalaige01
Frank Kaminsky,6.4,13.2,1.5,4.4,2.5,3.5,1.8,8.4,3.5,1.0,0.9,1.4,3.2,16.8,.481,.351,.728,kaminfr01
Luke Kennard,5.6,12.1,3.3,7.4,1.3,1.5,0.5,4.5,3.0,0.8,0.2,1.3,2.1,15.8,.459,.446,.875,kennalu01
Braxton Key,6.1,13.1,1.5,4.5,1.9,2.8,2.0,8.1,2.8,1.5,1.4,2.0,3.9,15.6,.466,.327,.670,keybr01
George King,5.4,12.8,1.7,5.5,2.5,3.3,1.4,6.9,3.3,1.0,0.6,2.0,3.4,15.0,.425,.303,.741,kingge03
Louis King,6.0,14.2,2.2,6.5,2.5,3.2,1.1,6.1,3.6,1.3,0.7,1.3,3.7,16.7,.422,.339,.765,kinglo02
Corey Kispert,4.9,10.5,2.3,6.3,1.2,1.4,1.1,4.5,1.9,0.8,0.5,1.1,1.9,13.3,.466,.359,.859,kispeco01
Maxi Kleber,3.7,8.8,2.1,6.1,1.2,1.6,1.6,7.9,1.8,0.7,1.3,1.1,3.2,10.7,.415,.351,.769,klebima01
Brandon Knight,5.6,13.3,2.3,7.3,2.7,3.4,0.9,5.3,4.2,0.9,0.4,2.4,3.0,16.1,.418,.316,.797,knighbr03
Nathan Knight,5.8,12.5,1.0,3.4,4.9,6.5,3.3,9.6,2.7,1.1,1.0,2.2,4.1,17.6,.467,.296,.762,knighna01
Kevin Knox,5.0,12.5,2.3,6.8,2.1,2.9,1.4,6.1,2.1,0.9,0.6,1.4,3.0,14.5,.401,.343,.738,knoxke01
John Konchar,4.1,8.1,1.5,3.6,1.1,1.6,2.3,8.8,3.1,1.4,0.6,1.0,2.5,10.8,.510,.404,.652,konchjo01
Furkan Korkmaz,5.2,12.7,2.5,7.3,1.9,2.4,0.6,4.5,3.0,1.1,0.3,1.4,1.8,14.7,.407,.336,.784,korkmfu01
Luke Kornet,5.2,11.4,1.4,5.1,1.4,1.9,2.1,7.2,2.9,0.8,1.8,1.0,2.8,13.2,.455,.280,.717,kornelu01
Vit Krejci,4.1,9.5,1.7,5.1,1.3,1.6,1.1,5.7,3.2,1.0,0.5,1.6,3.2,11.3,.433,.343,.834,krejcvi01
Arnoldas Kulboka,6.0,13.0,1.8,5.3,2.5,3.2,1.5,6.5,3.6,1.1,0.7,2.0,3.0,16.2,.460,.345,.779,kulboar01
Jonathan Kuminga,7.3,13.9,1.6,4.6,3.9,5.5,1.7,7.3,2.2,1.0,0.7,2.2,4.1,20.0,.523,.352,.704,kuminjo01
Kyle Kuzma,6.7,14.9,2.2,6.3,2.2,3.1,1.4,8.5,3.3,0.7,0.9,2.5,2.2,17.8,.451,.348,.716,kuzmaky01
Anthony Lamb,4.9,11.5,1.9,5.8,2.0,2.4,1.9,6.3,2.9,0.8,0.6,1.8,2.8,13.7,.427,.335,.813,lamban01
Jeremy Lamb,5.4,13.3,2.1,6.0,3.2,3.7,1.0,6.0,3.0,1.3,0.9,1.4,2.7,16.1,.409,.344,.856,lambje01
Jock Landale,6.2,12.6,1.8,5.4,2.2,2.7,3.4,8.1,3.0,0.7,0.8,1.9,3.2,16.3,.489,.333,.816,landajo01
Romeo Langford,4.1,9.3,1.3,3.8,1.4,2.1,1.5,5.2,1.5,1.0,0.7,1.0,2.4,10.8,.438,.343,.637,langfro01
Zach LaVine,9.1,18.7,3.0,7.6,4.7,5.6,0.5,5.0,4.7,0.8,0.4,2.9,2.1,25.9,.484,.398,.846,lavinza01
Jake Layman,5.3,11.6,1.5,5.0,1.9,2.6,1.0,5.0,1.9,1.3,0.9,1.7,2.5,14.0,.458,.292,.732,laymaja01
Damion Lee,4.8,10.9,2.0,5.7,1.9,2.2,0.8,5.9,2.3,1.2,0.2,1.2,2.8,13.6,.444,.355,.871,leeda03
Saben Lee,4.6,10.6,0.8,2.9,3.1,4.1,1.1,5.3,6.7,1.8,0.7,2.2,2.9,13.2,.438,.287,.760,leesa01
Alex Len,5.9,10.7,0.5,1.7,2.5,3.8,2.9,9.4,2.4,0.8,1.7,2.2,5.0,14.9,.552,.316,.654,lenal01
Caris LeVert,7.9,17.8,1.8,5.5,3.1,4.1,0.9,4.7,5.2,1.2,0.5,2.3,2.6,20.7,.442,.327,.767,leverca01
Kira Lewis Jr.,5.9,14.0,1.6,5.3,1.7,2.0,0.8,4.1,4.9,1.4,0.4,1.9,2.7,15.0,.419,.306,.830,lewiski01
Scottie Lewis,6.0,12.6,1.8,5.0,2.7,3.6,1.5,6.5,3.8,1.3,0.7,1.9,2.7,16.4,.473,.364,.751,lewissc01
Damian Lillard,8.3,19.1,3.6,9.8,5.9,6.6,0.5,4.3,7.2,0.8,0.3,2.9,1.5,26.0,.432,.363,.898,lillada01
Nassir Little,4.9,10.4,1.7,4.9,2.3,3.0,1.9,7.7,1.9,0.8,1.1,1.3,2.8,13.8,.472,.344,.753,littlna01
Isaiah Livers,4.6,9.9,2.4,5.8,1.6,1.9,1.5,5.8,2.5,1.2,0.7,1.6,3.3,13.1,.466,.411,.819,liveris01
Kevon Looney,4.2,7.7,0.2,0.5,1.5,2.4,4.0,11.5,3.5,1.0,1.0,1.4,4.3,10.1,.554,.303,.627,looneke01
Brook Lopez,6.2,13.1,1.9,5.7,2.3,2.8,1.8,6.4,1.3,0.8,2.0,1.4,3.2,16.6,.473,.334,.837,lopezbr01
Robin Lopez,6.5,11.6,0.4,1.3,2.2,3.3,3.4,7.0,2.3,0.4,1.1,2.3,3.4,15.7,.563,.330,.663,lopezro01
Didi Louzada,4.7,11.1,2.1,5.7,1.6,1.9,1.4,5.6,2.7,0.9,0.6,1.7,3.2,13.1,.425,.373,.809,louzama01
Kevin Love,6.7,15.8,3.6,9.5,3.4,4.0,1.6,10.9,3.5,0.7,0.4,2.2,2.1,20.4,.426,.380,.832,loveke01
Kyle Lowry,5.0,11.7,2.5,6.8,2.9,3.4,0.6,5.0,7.5,1.1,0.3,2.9,3.1,15.4,.430,.371,.850,lowryky01
Gabriel Lundberg,5.6,13.6,2.0,5.5,2.0,2.6,1.6,6.4,4.8,1.4,0.6,2.1,3.5,15.3,.414,.359,.774,lundbga01
Timothé Luwawu-Cabarrot,4.4,11.1,2.4,6.9,1.8,2.2,1.0,4.7,2.3,1.0,0.3,1.4,3.7,13.1,.399,.345,.832,luwawti01
Trey Lyles,5.8,12.5,1.6,4.8,3.8,4.8,1.9,8.8,2.1,0.7,0.7,1.6,2.7,17.0,.467,.334,.794,lylestr01
Théo Maledon,4.9,12.5,2.0,6.0,2.7,3.4,0.7,5.0,4.6,1.2,0.4,2.6,2.6,14.5,.393,.331,.783,maledth01
Sandro Mamukelashvili,5.4,11.0,2.0,4.8,1.9,2.4,2.7,7.2,2.5,0.9,0.8,1.5,2.6,14.7,.494,.411,.807,mamuksa01
Terance Mann,5.2,10.6,1.2,3.2,2.1,2.6,1.6,6.7,3.3,0.9,0.4,1.3,2.9,13.7,.491,.377,.790,mannte01
Tre Mann,6.2,15.1,2.6,6.9,1.9,2.3,0.8,4.9,2.6,1.3,0.4,1.8,2.6,16.9,.413,.372,.799,manntr01
Boban Marjanović,8.6,16.3,0.8,2.5,3.4,4.7,3.5,11.8,2.0,0.5,0.8,2.6,4.5,21.4,.529,.305,.718,marjabo01
Lauri Markkanen,6.3,13.7,2.7,7.4,2.6,3.0,1.2,6.9,1.6,0.9,0.6,1.2,2.4,17.9,.458,.373,.853,markkla01
Naji Marshall,5.2,12.5,1.3,4.9,3.3,4.2,1.5,7.2,3.6,1.5,0.5,2.1,3.2,14.9,.416,.263,.775,marshna01
Caleb Martin,5.2,11.0,1.7,4.5,1.9,2.6,1.7,6.1,2.1,1.5,0.7,1.4,2.8,14.1,.476,.371,.740,martica02
Cody Martin,4.0,8.5,1.1,3.1,1.5,2.1,1.7,5.9,3.5,1.6,0.6,1.3,2.3,10.6,.473,.360,.690,martico01
Kelan Martin,5.9,13.8,2.0,6.1,1.3,1.6,1.5,5.9,2.1,1.0,0.8,1.5,3.2,15.1,.428,.324,.790,martike03
Kenyon Martin Jr.,6.1,11.4,1.3,3.6,1.9,2.8,1.9,7.0,2.2,0.8,1.0,1.3,2.5,15.4,.535,.370,.675,martike04
Garrison Mathews,3.9,9.6,2.8,7.6,3.0,3.7,0.7,4.0,1.4,1.2,0.5,0.8,3.5,13.7,.411,.369,.816,mathega01
Dakota Mathias,5.9,13.4,2.2,6.3,1.9,2.7,1.1,5.3,3.6,1.0,0.7,1.5,2.6,15.9,.440,.345,.706,mathida01
Wesley Matthews,3.3,8.6,2.0,5.9,1.1,1.3,0.9,3.5,1.7,0.9,0.4,0.9,2.9,9.7,.385,.335,.795,matthwe02
Tyrese Maxey,6.8,13.9,1.8,4.2,2.9,3.3,0.4,3.6,4.5,0.8,0.5,1.3,2.2,18.3,.492,.418,.868,maxeyty01
Skylar Mays,5.7,12.0,1.7,4.8,2.1,2.5,1.2,5.1,3.4,1.3,0.3,1.6,2.0,15.3,.479,.347,.842,mayssk01
Miles McBride,4.1,11.2,1.7,6.1,1.3,1.8,0.8,5.0,4.0,1.3,0.3,0.9,3.8,11.3,.367,.287,.735,mcbrimi01
Mac McClung,5.9,12.5,1.8,5.1,2.4,3.1,1.4,6.4,3.4,1.2,0.8,2.3,3.4,16.1,.473,.359,.794,mccluma01
CJ McCollum,8.8,19.3,3.1,8.0,2.1,2.9,0.8,4.5,5.0,1.1,0.4,1.9,2.1,22.8,.456,.387,.724,mccolcj01
T.J. McConnell,5.6,10.8,0.5,1.6,1.0,1.3,1.1,5.2,8.1,2.0,0.5,2.3,2.5,12.6,.514,.321,.767,mccontj01
Jaden McDaniels,4.9,10.5,1.7,4.9,1.1,1.5,1.5,5.9,1.8,1.0,1.2,1.4,4.2,12.7,.469,.343,.767,mcdanja02
Jalen McDaniels,5.2,10.8,1.6,4.3,2.1,2.8,1.6,6.9,2.4,1.1,0.8,1.6,3.6,14.1,.482,.370,.739,mcdanja01
Doug McDermott,6.9,14.1,2.9,7.0,1.5,1.8,0.9,4.2,2.0,0.4,0.2,1.3,2.5,18.0,.486,.407,.797,mcderdo01
JaVale McGee,8.0,13.7,0.3,0.9,2.8,4.0,4.4,13.5,1.6,0.8,2.4,2.9,5.5,19.0,.585,.289,.688,mcgeeja01
Cameron McGriff,5.7,12.7,1.8,5.1,2.3,2.9,2.3,7.8,3.4,0.9,0.7,1.6,3.4,15.5,.448,.355,.805,mcgrica01
Rodney McGruder,4.8,10.9,2.3,6.1,1.1,1.6,1.4,5.5,2.4,1.1,0.4,1.3,2.8,13.1,.443,.383,.725,mcgruro01
Alfonzo McKinnie,5.3,11.8,1.7,4.9,1.3,2.2,2.2,6.5,1.6,0.9,0.5,1.4,3.9,13.6,.447,.341,.599,mckinal01
JaQuori McLaughlin,5.8,12.7,1.8,5.1,2.4,3.1,1.5,6.3,3.9,1.1,0.7,1.9,2.9,15.7,.452,.345,.779,mclauja01
Jordan McLaughlin,4.0,9.0,1.3,3.7,1.3,1.7,0.9,4.1,7.0,2.1,0.4,1.7,2.1,10.6,.443,.343,.755,mclaujo01
Ben McLemore,5.8,14.5,3.9,10.9,1.8,2.3,0.5,3.5,1.7,1.0,0.3,1.6,3.1,17.4,.402,.362,.791,mclembe01
De'Anthony Melton,6.1,14.4,2.8,7.4,2.0,2.6,1.3,6.9,4.4,2.2,0.9,2.4,2.8,17.0,.422,.384,.767,meltode01
Sam Merrill,5.6,12.8,2.8,7.4,1.7,2.2,1.2,5.6,3.4,1.0,0.4,1.7,2.6,15.6,.436,.375,.748,merrisa01
Chimezie Metu,6.0,12.8,1.5,4.8,2.1,2.8,1.2,9.1,2.0,1.4,1.0,1.8,2.9,15.6,.469,.320,.774,metuch01
Khris Middleton,7.8,17.1,2.6,6.7,3.9,4.4,0.8,6.2,5.8,1.2,0.3,3.0,2.7,22.0,.455,.384,.889,middlkh01
C.J. Miles,5.7,13.1,1.9,5.4,2.7,3.5,1.4,6.0,3.4,1.3,0.7,2.0,3.3,15.9,.434,.343,.764,milescj01
Patty Mills,5.1,12.6,3.4,8.8,1.1,1.3,0.4,2.6,3.0,0.8,0.2,1.3,1.9,14.8,.408,.385,.843,millspa02
Paul Millsap,5.4,12.2,1.3,4.1,2.2,3.0,2.7,8.6,2.9,1.3,1.0,1.8,4.4,14.4,.445,.324,.740,millspa01
Shake Milton,6.1,13.7,1.6,4.6,2.5,3.1,0.9,4.3,4.4,0.9,0.5,1.8,3.1,16.4,.447,.348,.827,miltosh01
Davion Mitchell,6.2,14.5,1.8,5.5,1.1,1.6,0.7,3.2,5.4,1.0,0.4,2.0,2.4,15.3,.428,.325,.684,mitchda01
Donovan Mitchell,9.6,21.4,3.5,9.6,4.5,5.3,0.9,4.7,5.5,1.4,0.2,3.0,2.5,27.2,.450,.367,.852,mitchdo01
Evan Mobley,6.7,12.8,0.5,1.7,2.6,3.9,2.2,8.9,2.8,0.9,1.8,2.0,2.3,16.4,.519,.283,.681,mobleev01
Malik Monk,6.7,14.3,2.9,7.4,1.8,2.3,0.7,4.5,3.7,1.0,0.5,2.1,2.3,18.2,.471,.393,.805,monkma01
Greg Monroe,5.9,11.7,0.8,2.4,2.3,3.8,3.7,9.3,3.9,1.3,1.3,2.2,3.8,15.0,.506,.351,.618,monrogr01
Moses Moody,5.2,11.3,2.3,6.2,1.9,2.4,1.2,5.3,1.9,0.6,0.6,1.0,2.5,14.6,.459,.377,.787,moodymo01
Xavier Moon,6.3,13.3,1.6,4.5,1.7,2.4,1.1,5.3,4.9,1.5,0.7,1.8,2.7,15.9,.474,.354,.731,moonxa01
Matt Mooney,6.0,13.1,1.8,5.2,2.6,3.3,1.5,6.6,3.6,1.4,0.7,2.2,2.9,16.4,.457,.343,.778,moonema01
Ja Morant,9.6,19.6,1.5,4.5,5.4,7.1,1.3,5.6,7.7,1.2,0.4,3.5,1.7,26.2,.489,.342,.761,moranja01
Juwan Morgan,4.9,10.2,1.5,4.1,1.7,2.4,1.9,6.6,2.9,0.9,0.5,1.5,3.7,13.1,.483,.365,.717,morgaju01
Jaylen Morris,5.6,13.2,1.7,5.2,2.7,3.8,1.4,6.5,3.8,1.0,0.6,2.1,3.1,15.5,.422,.328,.719,morrija01
Marcus Morris,6.7,15.2,2.6,6.5,2.6,3.1,0.8,5.6,2.2,0.7,0.4,1.6,2.8,18.6,.441,.398,.846,morrima03
Markieff Morris,5.4,12.6,1.9,5.9,1.4,1.8,1.5,6.9,2.5,0.8,0.5,2.0,3.5,14.2,.432,.331,.768,morrima02
Monte Morris,5.9,12.3,1.9,4.8,1.4,1.7,0.5,3.6,5.2,1.0,0.3,1.2,1.6,15.1,.482,.392,.839,morrimo01
Emmanuel Mudiay,6.1,13.3,1.5,4.3,2.9,3.8,1.1,5.9,4.6,1.2,0.6,2.6,3.0,16.6,.457,.357,.767,mudiaem01
Mychal Mulder,5.1,12.3,3.1,8.5,1.1,1.4,0.6,3.9,1.6,0.7,0.5,1.2,2.5,14.3,.413,.366,.756,muldemy01
Ade Murkey,6.1,13.1,1.9,5.2,2.5,3.3,1.6,6.7,3.7,1.1,0.7,2.0,2.9,16.6,.467,.359,.779,murkead01
Trey Murphy III,4.9,11.7,2.8,7.3,2.0,2.3,1.9,6.4,2.0,1.0,0.4,0.9,2.5,14.7,.417,.390,.863,murphtr02
Dejounte Murray,8.1,17.6,1.3,4.0,2.6,3.2,1.2,8.4,8.1,2.0,0.3,2.5,2.2,20.2,.463,.331,.795,murrade01
Mike Muscala,6.5,14.5,3.7,9.3,2.4,2.9,1.2,7.4,1.8,0.9,1.1,1.1,3.3,19.1,.448,.399,.844,muscami01
Svi Mykhailiuk,5.2,12.6,2.5,7.4,1.5,1.8,0.9,4.6,2.8,1.3,0.3,1.9,2.3,14.4,.413,.340,.818,mykhasv01
Abdel Nader,5.1,11.2,1.7,4.6,2.3,3.1,1.0,6.0,2.3,1.3,0.9,2.1,3.6,14.1,.450,.365,.735,naderab01
Larry Nance Jr.,4.7,9.3,1.1,3.2,1.4,2.0,2.2,8.3,3.1,1.6,0.6,1.5,2.7,11.8,.501,.344,.688,nancela02
RJ Nembhard Jr.,5.4,12.3,1.4,4.1,2.4,3.0,1.6,6.0,4.6,1.0,0.5,1.9,2.4,14.6,.442,.335,.777,nembhrj01
Aaron Nesmith,4.8,11.1,2.0,6.4,1.5,1.9,1.2,6.3,1.7,1.1,0.4,1.7,4.2,13.0,.429,.317,.801,nesmiaa01
Raul Neto,5.4,11.7,1.2,3.7,2.1,2.6,0.5,3.9,4.9,1.5,0.2,1.9,2.8,14.1,.462,.336,.799,netora01
Malik Newman,6.5,13.6,1.8,5.2,2.9,3.6,1.5,6.6,3.7,1.1,0.7,2.2,2.8,17.6,.475,.343,.808,newmama01
Georges Niang,5.3,12.0,3.3,8.1,1.1,1.2,0.7,4.7,2.1,0.7,0.3,1.4,3.8,14.9,.438,.405,.871,niangge01
Daishen Nix,4.8,10.7,1.4,4.2,2.4,3.8,1.2,5.5,5.0,1.8,0.3,2.9,2.8,13.3,.446,.324,.629,nixda01
Zeke Nnaji,5.2,10.1,2.0,4.5,2.0,3.0,2.4,7.3,1.4,0.9,0.6,1.2,3.5,14.4,.511,.443,.680,nnajize01
Nerlens Noel,3.4,5.9,0.2,0.6,1.5,2.1,3.0,9.1,1.5,1.7,2.6,1.6,4.2,8.5,.575,.302,.727,noelne01
Jaylen Nowell,7.1,15.1,2.3,6.1,2.6,3.2,0.9,4.8,4.3,1.0,0.5,1.4,2.8,19.1,.469,.378,.799,nowelja01
Frank Ntilikina,4.6,11.2,2.0,5.4,1.5,1.8,0.8,4.4,3.8,1.5,0.5,1.7,3.5,12.7,.413,.367,.824,ntilila01
Jusuf Nurkić,7.2,13.7,0.5,1.6,3.8,5.6,3.6,13.4,3.9,1.4,1.0,3.1,4.2,18.6,.525,.308,.685,nurkiju01
David Nwaba,5.3,11.1,1.1,3.4,2.7,3.7,2.1,7.7,2.1,1.5,1.1,1.3,3.2,14.4,.480,.310,.713,nwabada01
Jordan Nwora,6.0,14.2,2.5,6.8,1.4,1.7,1.2,6.9,2.0,0.9,0.6,1.9,2.4,15.9,.423,.367,.814,nworajo01
Royce O'Neale,3.1,6.8,1.7,4.6,0.7,0.9,1.1,6.3,2.9,1.2,0.5,1.3,2.9,8.6,.451,.384,.805,onealro01
Semi Ojeleye,3.4,9.0,1.8,5.2,1.5,1.9,1.6,6.0,1.5,0.7,0.3,1.0,2.5,10.2,.383,.348,.785,ojelese01
Chuma Okeke,4.6,11.5,2.2,6.7,1.2,1.5,1.1,6.9,2.7,1.9,0.8,1.2,1.9,12.6,.398,.332,.821,okekech01
Josh Okogie,3.6,8.4,1.0,3.5,2.7,3.6,1.9,5.3,2.1,1.7,0.8,1.6,3.5,10.9,.425,.298,.753,okogijo01
Onyeka Okongwu,5.9,9.0,0.2,0.6,2.8,3.8,3.9,10.0,2.0,1.2,2.0,1.6,5.1,14.7,.653,.349,.724,okongon01
Isaac Okoro,4.0,8.6,1.1,3.2,2.1,2.8,1.3,3.8,2.3,1.1,0.4,1.2,2.9,11.3,.469,.339,.763,okorois01
KZ Okpala,4.4,10.1,1.4,4.2,1.4,1.9,1.6,6.1,2.3,0.8,0.9,1.2,3.8,11.6,.439,.323,.711,okpalkz01
Victor Oladipo,7.3,17.2,2.5,7.3,3.2,4.2,0.6,5.4,4.8,1.3,0.4,2.8,2.7,20.3,.424,.345,.758,oladivi01
Cameron Oliver,6.8,13.1,1.7,4.8,2.0,2.9,1.6,6.8,3.2,1.0,0.9,1.6,3.4,17.4,.521,.351,.711,oliveca01
Kelly Olynyk,5.9,12.8,2.1,6.2,2.8,3.5,1.9,8.4,4.2,1.4,0.8,2.4,4.2,16.8,.463,.346,.802,olynyke01
Eugene Omoruyi,5.9,12.8,1.9,5.1,2.7,3.7,1.8,7.4,3.8,1.0,0.6,1.8,3.0,16.4,.463,.370,.722,omorueu01
Miye Oni,3.7,9.2,1.9,5.8,1.1,1.5,1.5,6.2,2.7,0.8,0.6,1.4,3.8,10.5,.405,.332,.752,onimi01
Cedi Osman,5.7,13.7,2.8,8.0,2.0,2.8,0.8,4.2,3.5,1.2,0.3,1.7,3.0,16.2,.419,.347,.705,osmande01
Daniel Oturu,5.7,12.2,1.2,3.6,2.6,3.5,2.5,8.0,3.0,1.0,1.2,1.8,3.4,15.2,.465,.344,.745,oturuda01
Kelly Oubre Jr.,7.2,16.1,2.8,8.3,2.5,3.6,1.5,6.0,1.6,1.3,0.7,1.4,3.2,19.7,.444,.342,.695,oubreke01
Jaysean Paige,5.8,13.2,1.8,5.5,2.4,3.1,1.5,6.6,3.7,1.1,0.7,2.2,3.2,15.8,.439,.327,.774,paigeja01
Trayvon Palmer,5.5,12.1,1.7,4.8,2.3,3.0,1.4,6.4,3.3,1.0,0.6,2.1,3.0,15.0,.454,.354,.775,palmetr01
Kevin Pangos,4.6,11.6,1.6,5.5,1.6,2.1,1.0,4.5,5.1,0.9,0.3,1.8,2.7,12.4,.401,.289,.768,pangoke01
Jabari Parker,6.9,13.9,1.6,4.6,2.5,3.1,1.9,8.1,2.8,1.2,0.7,2.3,3.5,17.9,.495,.353,.814,parkeja01
Eric Paschall,6.4,13.0,1.5,4.2,3.3,4.3,1.5,5.9,2.4,0.6,0.3,1.7,2.8,17.6,.492,.357,.758,pascher01
Chris Paul,6.4,13.2,1.3,3.9,2.9,3.3,0.4,4.9,10.4,1.8,0.3,2.6,2.5,17.0,.484,.342,.864,paulch01
Cameron Payne,6.6,15.3,2.1,5.8,2.0,2.4,0.7,5.1,7.4,1.2,0.5,2.6,3.3,17.3,.431,.367,.846,payneca01
Elfrid Payton,5.7,13.4,0.6,2.2,1.5,2.5,1.5,5.7,5.9,1.4,0.4,2.7,2.7,13.4,.422,.283,.595,paytoel01
Gary Payton II,6.0,10.3,1.3,3.7,1.2,1.8,2.0,7.1,2.1,2.6,0.6,1.3,3.8,14.5,.586,.354,.637,paytoga02
Norvel Pelle,5.3,11.0,1.2,3.2,2.0,2.8,2.2,7.9,2.6,0.8,1.9,2.2,4.2,13.8,.483,.357,.728,pelleno01
Reggie Perry,6.8,14.0,1.1,3.9,2.1,2.9,2.9,9.2,2.9,1.4,1.0,2.1,5.1,16.7,.483,.279,.712,perryre01
Jamorko Pickett,4.9,11.6,2.3,6.6,1.4,1.8,1.4,6.7,2.6,0.6,1.1,1.5,2.7,13.4,.421,.347,.747,pickeja01
Theo Pinson,4.6,11.9,1.9,6.5,2.2,2.6,1.0,5.8,4.0,1.2,0.6,1.9,3.1,13.4,.387,.297,.871,pinsoth01
Mason Plumlee,4.7,7.7,0.1,0.4,1.8,3.7,3.4,11.2,4.6,1.2,1.1,2.2,4.5,11.4,.609,.283,.500,plumlma01
Jakob Poeltl,6.6,10.9,0.1,0.3,1.6,3.1,4.4,11.1,3.2,0.9,2.2,1.9,3.7,15.0,.610,.390,.513,poeltja01
Aleksej Pokusevski,5.4,13.3,1.8,5.9,1.2,1.6,1.8,8.7,3.7,1.0,1.2,2.8,2.3,13.8,.407,.303,.734,pokusal01
Yves Pons,5.1,11.6,1.8,5.0,1.8,2.6,1.9,6.6,2.8,1.0,1.1,1.6,2.9,13.8,.440,.357,.692,ponsyv01
Jordan Poole,7.4,16.4,3.3,8.9,3.8,4.2,0.6,4.1,4.6,1.0,0.4,2.6,3.1,21.8,.449,.366,.908,poolejo01
Kevin Porter Jr.,6.5,15.0,2.7,7.2,2.5,3.7,0.9,5.1,6.8,1.3,0.4,3.4,2.9,18.2,.432,.374,.682,porteke02
Michael Porter Jr.,7.6,14.9,2.7,6.7,1.9,2.4,1.7,8.4,1.8,0.9,0.9,1.6,2.5,19.8,.510,.404,.778,portemi01
Otto Porter Jr.,5.2,11.5,2.1,5.7,1.5,1.9,2.0,8.9,2.7,1.6,0.7,1.1,2.3,14.1,.456,.370,.805,porteot01
Bobby Portis,7.5,15.4,2.2,5.5,1.6,2.1,3.0,11.3,1.8,1.0,0.8,1.6,3.0,18.8,.488,.404,.753,portibo01
Kristaps Porziņģis,8.4,18.2,2.2,6.5,4.9,5.8,2.3,10.0,2.6,0.8,1.9,1.8,3.3,24.0,.462,.338,.855,porzikr01
Micah Potter,6.1,13.1,1.6,4.8,2.5,3.1,2.1,7.3,3.2,1.2,0.8,1.9,3.1,16.4,.468,.333,.806,pottemi01
Dwight Powell,5.2,8.2,0.4,1.1,3.3,4.2,3.2,8.0,2.1,0.9,0.8,1.4,4.4,14.0,.636,.329,.774,poweldw01
Myles Powell,5.5,12.8,1.6,5.0,2.3,2.8,1.4,6.1,3.3,1.0,0.5,2.0,3.5,14.9,.431,.322,.806,powelmy01
Norman Powell,7.0,14.8,2.6,6.4,4.1,4.9,0.6,3.8,2.3,1.2,0.4,1.8,2.6,20.7,.469,.411,.831,powelno01
Joshua Primo,4.2,10.5,1.7,5.1,1.8,2.4,1.3,4.7,3.2,0.8,0.9,2.0,2.9,12.0,.405,.327,.764,primojo01
Taurean Prince,5.4,12.6,2.6,6.9,2.0,2.6,0.9,5.8,2.4,1.3,0.7,1.8,3.3,15.4,.430,.373,.787,princta02
Payton Pritchard,5.7,12.8,3.2,7.8,1.1,1.2,1.1,4.9,4.4,1.0,0.3,1.5,2.5,15.6,.442,.414,.902,pritcpa01
Trevelin Queen,6.5,14.0,2.7,7.2,2.4,2.9,2.1,7.1,3.2,1.6,0.6,2.4,2.9,18.1,.465,.370,.825,queentr01
Neemias Queta,5.8,12.4,1.1,3.0,2.9,4.1,2.7,7.9,2.9,0.8,1.4,1.9,3.9,15.5,.466,.363,.715,quetane01
Immanuel Quickley,6.0,14.9,2.9,7.9,3.8,4.3,0.7,4.9,5.0,1.1,0.2,1.9,3.2,18.8,.406,.367,.882,quickim01
Jahmi'us Ramsey,6.4,14.2,1.7,5.3,2.3,3.3,1.3,5.2,2.9,0.9,0.5,1.6,2.8,16.7,.446,.324,.684,ramseja01
Julius Randle,7.5,17.5,1.8,5.3,4.4,5.7,1.6,9.9,5.2,0.8,0.5,3.3,3.0,21.2,.430,.339,.771,randlju01
Austin Reaves,4.0,8.6,1.4,4.3,2.6,3.1,1.2,5.2,2.9,0.8,0.5,1.1,2.2,12.0,.467,.329,.836,reaveau01
Cam Reddish,5.6,13.7,2.1,6.2,3.3,3.8,1.0,4.5,2.0,1.6,0.6,1.9,2.5,16.6,.409,.345,.867,reddica01
Davon Reed,4.7,9.6,2.0,4.8,0.9,1.3,0.9,6.0,3.0,1.3,0.5,1.1,3.3,12.4,.494,.415,.723,reedda01
Paul Reed,6.8,12.7,0.7,2.3,1.3,2.1,4.4,10.1,2.6,2.9,1.6,1.6,5.4,15.6,.537,.311,.606,reedpa01
Naz Reid,7.4,14.6,1.7,4.9,3.3,4.4,2.7,8.8,2.2,1.1,2.0,2.1,4.8,19.8,.505,.355,.748,reidna01
Nick Richards,5.8,9.9,0.6,1.6,2.9,4.1,2.8,7.9,2.0,0.9,1.6,2.2,4.3,15.1,.586,.352,.715,richani01
Josh Richardson,5.4,12.4,2.1,5.4,2.2,2.5,1.0,4.2,2.9,1.2,0.6,1.6,2.7,15.0,.434,.378,.878,richajo01
Austin Rivers,4.0,9.5,2.0,5.8,1.0,1.4,0.5,3.3,2.6,1.2,0.2,1.4,2.9,11.1,.422,.348,.726,riverau01
Duncan Robinson,5.2,12.3,4.0,10.3,1.0,1.2,0.4,3.9,2.2,0.7,0.3,1.2,3.3,15.3,.420,.389,.835,robindu01
Justin Robinson,4.2,11.4,2.0,6.4,1.2,1.8,0.8,3.9,3.8,1.1,0.3,1.9,3.1,11.6,.369,.318,.677,robinju01
Mitchell Robinson,5.3,7.4,0.1,0.3,1.7,3.3,5.3,11.5,1.0,1.2,2.4,1.2,3.8,12.5,.715,.367,.521,robinmi01
Jeremiah Robinson-Earl,4.8,11.0,2.0,5.4,1.5,2.0,2.4,9.0,1.9,1.0,0.5,1.4,2.5,13.0,.433,.363,.756,robinje02
Isaiah Roby,6.0,11.8,1.4,3.5,2.7,3.8,2.5,8.4,2.8,1.3,1.1,2.1,3.9,15.9,.506,.394,.709,robyis01
Rajon Rondo,4.2,10.2,1.6,4.5,1.1,1.4,0.9,5.5,8.2,1.5,0.3,3.4,2.7,11.1,.409,.356,.758,rondora01
Derrick Rose,7.6,16.6,1.7,4.5,2.5,2.9,0.9,4.2,5.8,1.3,0.6,2.4,1.4,19.4,.458,.375,.878,rosede01
Terrence Ross,5.9,14.7,2.2,7.0,2.9,3.4,0.5,4.2,2.8,1.0,0.4,1.9,2.0,17.0,.403,.314,.856,rosste01
Terry Rozier,7.5,16.8,3.2,8.4,2.3,2.8,0.8,4.7,4.6,1.3,0.4,1.7,1.8,20.5,.444,.381,.840,roziete01
Ricky Rubio,4.9,12.8,1.7,5.2,3.0,3.5,0.7,5.1,8.4,1.8,0.2,2.8,2.9,14.4,.381,.330,.853,rubiori01
D'Angelo Russell,7.4,17.5,3.2,9.0,3.5,4.3,0.5,3.9,7.6,1.2,0.4,3.0,2.2,21.5,.423,.356,.812,russeda01
Matt Ryan,6.2,13.8,2.0,6.1,2.5,3.2,1.5,6.5,3.6,1.3,0.7,2.0,2.8,16.8,.447,.333,.779,ryanma01
Domantas Sabonis,7.6,13.6,0.7,2.3,4.0,5.4,3.0,12.3,5.8,1.1,0.5,3.2,3.3,19.9,.557,.320,.741,sabondo01
Olivier Sarr,5.4,9.9,1.4,3.3,2.2,2.7,2.6,7.7,2.3,0.7,1.1,1.9,3.9,14.3,.542,.415,.816,sarrol01
Tomáš Satoranský,3.9,9.0,0.9,3.0,1.9,2.3,1.1,4.7,6.9,1.2,0.3,2.2,2.7,10.6,.438,.300,.821,satorto01
Jordan Schakel,5.4,13.1,1.8,5.5,2.5,3.2,1.7,7.2,3.2,1.2,0.6,1.9,2.4,15.1,.412,.323,.805,schakjo01
Admiral Schofield,4.6,10.6,2.0,5.8,1.3,1.7,1.3,6.7,2.3,0.6,0.5,1.6,4.1,12.5,.434,.338,.782,schofad01
Dennis Schröder,6.3,14.4,1.6,4.7,3.3,3.9,0.6,4.2,5.8,1.1,0.2,2.8,3.0,17.5,.438,.346,.846,schrode01
Tre Scott,6.3,13.5,1.8,5.1,2.4,3.1,1.7,6.7,3.5,1.3,0.9,1.9,3.1,16.8,.469,.343,.777,scotttr01
Jay Scrubb,5.9,13.6,1.7,5.4,2.4,3.1,1.1,6.0,2.9,1.3,0.7,2.1,2.7,16.0,.437,.325,.776,scrubja01
Wayne Selden,5.6,12.6,1.9,5.1,2.7,3.7,1.4,6.1,3.5,1.0,0.6,1.8,2.8,15.8,.448,.364,.717,seldewa01
Alperen Şengün,6.2,12.7,0.8,3.0,4.0,5.4,3.3,9.5,4.5,1.4,1.6,3.3,4.8,17.2,.489,.278,.728,sengual01
Collin Sexton,8.6,17.9,1.6,4.6,4.5,5.6,1.1,3.7,3.9,1.1,0.2,2.8,2.6,23.3,.478,.356,.813,sextoco01
Landry Shamet,4.8,11.8,3.1,8.1,1.8,2.1,0.4,3.3,2.7,0.7,0.3,1.1,2.5,14.5,.409,.380,.839,shamela01
Day'Ron Sharpe,7.6,13.6,0.7,2.0,2.4,3.7,5.9,12.7,2.3,1.0,1.2,2.5,4.6,18.2,.557,.351,.649,sharpda01
Pascal Siakam,8.1,17.0,1.2,3.7,4.0,5.2,1.7,7.8,4.7,1.2,0.6,2.5,3.1,21.6,.479,.333,.773,siakapa01
Chris Silva,4.9,9.7,0.9,2.5,3.4,4.4,3.4,10.2,3.1,0.7,1.1,2.8,5.9,14.2,.511,.367,.765,silvach01
Marko Simonovic,5.8,13.5,1.7,5.2,3.6,4.7,2.2,7.4,3.1,1.1,0.8,2.0,3.4,17.0,.432,.336,.762,simonma01
Anfernee Simons,7.0,15.6,3.6,8.8,2.1,2.4,0.6,3.9,4.2,0.7,0.2,2.1,2.6,19.6,.446,.413,.865,simonan01
Zavier Simpson,5.0,11.9,1.0,3.4,1.8,2.1,1.0,5.5,5.0,1.1,0.8,2.0,3.0,12.9,.423,.302,.834,simpsza01
Jericho Sims,3.4,5.7,0.4,1.2,1.2,2.2,3.5,10.1,1.9,0.8,1.3,1.4,3.9,8.4,.591,.361,.546,simsje01
Deividas Sirvydis,5.1,12.5,2.1,6.2,1.9,2.5,1.0,7.2,2.9,1.3,0.6,1.6,3.0,14.3,.411,.337,.741,sirvyde01
Javonte Smart,4.7,11.8,1.7,5.0,1.7,2.1,1.2,5.5,3.3,1.1,0.6,2.0,2.5,12.8,.399,.332,.797,smartja01
Marcus Smart,4.8,11.6,2.0,6.0,2.4,3.0,0.7,4.2,6.2,1.8,0.4,2.4,2.7,13.9,.412,.333,.795,smartma01
Dennis Smith Jr.,4.9,11.6,0.9,2.9,2.2,3.3,1.2,5.3,6.7,2.2,0.8,2.7,3.1,12.9,.420,.305,.676,smithde03
Ish Smith,5.7,13.3,0.9,2.5,0.8,1.2,0.8,4.9,7.0,1.4,0.7,2.2,2.5,13.1,.430,.363,.659,smithis01
Jalen Smith,6.8,13.4,1.6,4.7,2.9,3.8,3.5,11.2,1.4,0.7,1.5,1.7,3.5,18.1,.506,.338,.773,smithja04
Xavier Sneed,5.3,12.4,1.7,5.6,2.1,2.7,1.6,6.5,3.2,0.9,0.6,1.6,2.7,14.4,.430,.302,.778,sneedxa01
Tony Snell,3.4,7.8,2.1,5.1,0.5,0.6,0.7,4.2,1.9,0.7,0.4,0.9,2.8,9.5,.442,.405,.888,snellto01
Jaden Springer,6.2,12.9,1.8,5.0,2.5,3.2,1.7,7.0,3.7,1.1,1.1,2.1,2.7,16.9,.486,.368,.785,sprinja01
Cassius Stanley,5.3,12.5,1.4,4.6,2.5,2.9,1.6,6.0,2.1,1.1,0.6,1.5,3.6,14.6,.428,.304,.856,stanlca01
Nik Stauskas,5.8,13.1,2.2,6.0,2.7,3.7,1.4,5.9,3.3,0.9,0.6,1.8,2.6,16.5,.441,.366,.743,stausni01
Lance Stephenson,6.4,14.1,1.3,4.2,2.7,3.5,0.7,5.7,6.6,1.1,0.3,3.0,4.1,16.8,.452,.308,.783,stephla01
Lamar Stevens,5.5,11.3,0.7,2.5,2.1,2.9,1.7,6.2,1.9,1.1,0.7,1.5,3.6,13.8,.486,.286,.724,stevela01
Isaiah Stewart,5.3,10.0,0.5,1.3,1.6,2.2,4.3,11.9,1.8,0.6,1.7,1.7,4.1,12.8,.532,.347,.728,stewais01
Max Strus,5.8,12.9,3.9,9.7,1.1,1.4,0.6,4.6,2.2,0.7,0.4,1.3,2.7,16.6,.449,.401,.776,strusma01
Jalen Suggs,5.7,14.8,1.3,5.3,3.5,4.4,0.8,5.1,5.7,1.6,0.6,3.6,3.7,16.1,.384,.240,.783,suggsja01
Craig Sword,6.0,12.6,1.7,4.9,2.3,2.9,1.4,5.9,3.5,1.8,0.6,2.0,4.0,15.9,.478,.339,.775,swordcr01
Keifer Sykes,4.8,12.3,1.7,5.6,1.3,1.6,0.7,3.7,3.9,0.8,0.4,2.1,3.2,12.6,.386,.311,.833,sykeske01
Jae'Sean Tate,6.1,12.2,1.1,3.6,2.1,3.0,2.3,7.1,3.7,1.3,0.7,2.2,4.5,15.5,.500,.316,.708,tateja01
Jayson Tatum,9.4,20.2,3.0,8.1,5.0,5.8,1.1,7.9,4.3,1.1,0.6,2.7,2.2,26.7,.462,.373,.856,tatumja01
Terry Taylor,6.8,11.5,0.9,2.5,2.0,2.7,4.3,8.5,2.4,0.8,0.5,1.3,3.0,16.4,.590,.339,.729,taylote01
Garrett Temple,3.9,10.0,1.9,5.8,1.1,1.5,0.8,4.4,2.7,1.2,0.7,1.4,2.8,10.8,.389,.320,.739,templga01
Emanuel Terry,5.5,12.8,1.7,4.7,2.3,3.0,3.0,9.0,3.7,1.2,0.6,2.8,3.4,15.0,.430,.357,.777,terryem01
Tyrell Terry,6.0,12.7,1.6,5.0,2.3,3.1,1.3,6.3,3.8,1.4,0.6,1.9,2.7,15.8,.468,.329,.746,terryty01
Jon Teske,5.9,12.7,1.8,5.0,2.4,3.5,1.5,6.8,3.8,1.3,0.7,1.9,3.0,15.9,.460,.359,.689,teskejo01
Daniel Theis,5.6,10.7,1.2,3.6,1.8,2.6,2.2,8.3,2.1,0.8,1.2,1.6,4.0,14.2,.525,.319,.695,theisda01
Brodric Thomas,4.8,11.2,1.6,5.3,2.6,3.7,1.1,5.7,3.7,1.2,0.8,2.2,3.4,13.7,.424,.303,.705,thomabr01
Cam Thomas,6.8,15.1,1.5,5.3,2.7,3.3,0.6,5.3,2.6,1.1,0.3,1.7,2.1,17.8,.450,.292,.830,thomaca02
Isaiah Thomas,6.8,16.6,2.7,7.7,2.4,2.9,0.7,3.8,4.1,0.8,0.5,2.2,3.3,18.6,.407,.349,.819,thomais02
Matt Thomas,5.0,11.8,2.7,7.2,1.5,1.8,0.6,4.7,2.1,0.7,0.3,1.1,2.0,14.2,.425,.378,.799,thomama02
Klay Thompson,8.8,20.6,4.0,10.4,1.9,2.1,0.7,5.0,3.4,0.7,0.7,1.7,2.2,23.5,.428,.379,.872,thompkl01
Tristan Thompson,5.4,10.6,0.2,0.6,2.2,3.9,4.5,11.4,1.9,0.8,0.9,1.9,3.5,13.3,.513,.337,.569,thomptr01
JT Thor,4.5,9.7,1.4,4.3,2.1,3.0,1.6,6.4,3.1,1.1,1.2,1.6,3.2,12.4,.465,.318,.688,thorjt01
Matisse Thybulle,3.3,7.0,1.1,3.5,0.7,1.0,1.0,3.5,1.8,2.5,1.6,1.0,3.4,8.5,.477,.323,.734,thybuma01
Killian Tillie,4.1,10.8,2.1,6.3,1.1,1.4,1.6,5.2,2.2,1.6,1.1,1.2,4.0,11.4,.380,.327,.748,tilliki02
Xavier Tillman Sr.,5.4,10.9,0.8,2.7,1.9,2.9,2.9,8.3,3.0,2.0,0.9,1.7,3.4,13.6,.500,.288,.670,tillmxa01
Isaiah Todd,5.4,12.9,1.9,6.0,2.1,3.2,1.6,6.6,3.2,1.4,0.8,2.0,2.6,14.8,.417,.325,.662,toddis01
Obi Toppin,7.0,13.2,1.5,4.9,2.4,3.2,1.9,7.7,2.3,0.8,0.9,1.6,2.9,17.9,.527,.319,.763,toppiob01
Juan Toscano-Anderson,4.3,8.4,1.2,3.3,1.3,2.1,1.0,6.8,4.6,1.6,0.7,2.3,3.9,11.0,.507,.350,.623,toscaju01
Karl-Anthony Towns,9.2,17.7,2.3,5.8,5.5,6.6,2.8,10.6,4.2,1.0,1.2,3.2,3.8,26.2,.517,.404,.830,townska01
Gary Trent Jr.,6.6,15.5,3.1,7.9,2.3,2.7,0.5,3.1,2.0,1.6,0.3,1.0,2.1,18.5,.424,.393,.839,trentga02
P.J. Tucker,3.3,7.2,1.4,3.6,0.8,1.1,1.7,6.5,2.4,1.0,0.4,1.2,3.1,8.7,.450,.379,.744,tuckepj01
Rayjon Tucker,5.1,10.4,1.7,4.3,3.3,4.3,1.3,5.8,3.8,1.3,0.4,1.7,2.9,15.3,.494,.404,.763,tuckera01
Myles Turner,5.6,11.4,1.8,5.2,2.5,3.3,1.8,8.2,1.4,0.9,3.3,1.6,3.6,15.5,.494,.340,.767,turnemy01
Jonas Valančiūnas,8.3,15.0,0.8,2.3,3.5,4.4,3.9,13.9,2.8,0.7,1.0,2.6,3.8,20.9,.554,.359,.801,valanjo01
Denzel Valentine,5.3,13.7,2.7,7.8,0.8,0.9,1.1,6.7,3.2,1.2,0.3,1.7,2.8,14.2,.392,.350,.830,valende01
Jarred Vanderbilt,4.4,7.4,0.2,0.6,1.8,2.7,3.9,11.8,2.1,1.9,1.0,1.5,3.5,10.7,.587,.279,.650,vandeja01
Fred VanVleet,6.4,15.9,3.3,8.9,2.9,3.4,0.6,4.3,6.2,1.6,0.6,2.3,2.4,19.1,.402,.374,.870,vanvlfr01
Devin Vassell,5.8,13.3,2.4,6.5,1.6,1.9,0.9,5.9,2.5,1.4,0.7,1.0,2.7,15.7,.437,.369,.839,vassede01
Gabe Vincent,5.0,11.9,2.6,7.3,1.1,1.4,0.6,3.2,4.5,1.4,0.3,2.1,3.6,13.7,.417,.359,.819,vincega01
Nikola Vučević,8.6,18.4,1.9,5.5,1.7,2.1,2.1,11.8,3.7,1.0,0.9,2.0,2.5,20.8,.471,.344,.786,vucevni01
Dean Wade,4.0,8.9,2.0,5.6,1.0,1.3,1.2,6.0,2.2,1.1,0.4,0.8,2.9,11.0,.453,.365,.726,wadede01
Franz Wagner,6.9,14.3,1.5,4.1,2.9,3.3,1.3,5.5,3.5,1.0,0.5,1.7,2.4,18.2,.481,.367,.864,wagnefr01
Moritz Wagner,6.7,13.6,2.1,6.3,3.7,4.5,1.6,8.3,3.1,1.0,0.6,2.1,4.7,19.3,.495,.338,.811,wagnemo01
Ish Wainright,4.7,11.3,1.9,5.7,1.3,1.9,2.3,5.8,2.2,1.7,0.6,1.5,4.3,12.6,.419,.331,.691,wainris01
Kemba Walker,6.5,15.8,3.0,8.3,3.0,3.4,0.6,4.5,5.1,1.1,0.4,2.1,1.7,19.0,.413,.362,.861,walkeke02
Lonnie Walker IV,6.7,15.8,2.4,7.1,2.2,2.8,0.5,4.2,3.1,0.9,0.4,1.6,2.3,17.9,.422,.337,.792,walkelo01
M.J. Walker,5.9,13.3,1.8,5.4,2.4,3.1,1.5,6.6,3.8,1.5,0.7,1.9,3.0,16.0,.441,.334,.780,walkemj01
Tyrone Wallace,5.0,11.8,1.4,4.6,2.0,3.1,1.0,5.7,2.7,1.3,0.6,1.8,3.2,13.4,.424,.310,.634,wallaty01
Derrick Walton,4.2,10.6,1.5,4.7,1.9,2.4,1.1,5.0,4.9,1.5,0.8,2.4,2.9,11.9,.399,.324,.818,waltode01
Brad Wanamaker,4.0,10.1,0.8,2.9,2.9,3.3,0.7,4.2,5.4,1.3,0.5,2.4,3.7,11.8,.400,.263,.886,wanambr01
Duane Washington Jr.,6.5,15.4,2.9,7.5,1.9,2.4,0.4,3.7,3.3,1.0,0.2,2.1,2.5,17.8,.424,.386,.767,washidu02
P.J. Washington,5.4,11.6,2.2,5.7,1.6,2.2,1.7,7.2,3.0,1.2,1.3,1.9,3.1,14.6,.466,.379,.730,washipj01
Yuta Watanabe,4.6,10.7,2.0,5.4,1.8,2.6,1.6,7.5,2.1,1.1,1.1,1.4,3.0,12.9,.428,.363,.680,watanyu01
Lindy Waters III,5.7,13.4,3.6,9.7,0.9,1.2,0.8,6.0,2.4,1.4,0.6,1.2,2.5,15.9,.426,.367,.784,waterli01
Tremont Waters,5.3,12.7,1.9,5.6,2.2,2.6,1.0,4.8,5.9,2.0,0.4,3.0,2.8,14.7,.418,.342,.848,watertr01
Trendon Watford,6.1,11.4,0.6,2.1,2.9,3.8,2.3,8.2,3.5,1.1,1.1,1.8,4.4,15.7,.531,.292,.767,watfotr01
Paul Watson,4.5,10.5,2.3,6.2,1.2,1.7,0.9,6.2,2.6,0.9,0.6,1.4,3.1,12.5,.431,.361,.725,watsopa01
Quinndary Weatherspoon,5.7,11.8,1.2,3.8,2.7,3.3,1.2,5.9,3.2,1.2,0.6,2.1,4.4,15.3,.484,.317,.825,weathqu01
Russell Westbrook,7.7,17.5,1.1,3.8,3.8,5.6,1.5,8.6,8.3,1.1,0.3,4.2,3.1,20.3,.440,.298,.669,westbru01
Coby White,6.3,14.4,2.9,7.5,2.0,2.3,0.5,4.5,4.4,0.7,0.3,1.9,2.9,17.4,.436,.384,.866,whiteco01
Derrick White,5.7,13.4,2.0,6.2,3.3,3.9,0.7,4.3,5.5,1.0,1.0,1.9,2.9,16.7,.424,.325,.857,whitede01
Hassan Whiteside,7.0,11.5,0.2,0.5,3.0,4.9,4.5,14.4,1.2,0.7,3.0,1.9,4.9,17.1,.606,.353,.621,whiteha01
Joe Wieskamp,4.7,11.3,2.2,6.5,1.8,2.7,1.1,4.4,2.6,0.9,0.6,1.1,2.6,13.6,.421,.345,.674,wieskjo01
Aaron Wiggins,4.9,10.4,1.3,4.2,2.0,2.6,1.5,5.5,2.3,0.9,0.4,1.6,2.7,13.1,.471,.319,.742,wiggiaa01
Andrew Wiggins,7.5,16.0,2.3,6.0,2.5,3.7,1.3,5.2,2.7,1.1,0.9,1.8,2.4,19.8,.470,.385,.673,wiggian01
Lindell Wigginton,5.4,12.0,1.8,4.9,3.1,5.0,1.0,5.6,4.0,1.0,0.4,2.1,3.0,15.6,.452,.357,.620,wiggili01
Brandon Williams,6.1,15.2,1.8,5.8,3.6,5.0,1.2,4.8,5.1,1.3,0.6,3.0,2.9,17.5,.398,.313,.719,willibr03
Grant Williams,4.0,8.4,1.9,4.7,1.6,1.9,1.4,5.6,1.8,0.8,1.0,1.4,3.9,11.4,.471,.401,.829,willigr01
Kenrich Williams,5.0,10.5,1.4,3.8,1.1,1.8,2.3,7.2,3.6,1.4,0.4,1.7,3.1,12.5,.481,.363,.578,willike04
Lou Williams,6.3,15.6,1.8,4.8,3.6,4.2,0.7,3.9,5.3,1.1,0.2,2.5,1.9,17.9,.400,.364,.853,willilo02
Patrick Williams,4.9,9.7,1.2,2.8,2.0,2.7,1.3,6.2,1.9,1.1,0.8,1.6,2.3,13.1,.505,.429,.746,willipa01
Robert Williams,5.8,8.2,0.1,0.4,1.5,2.1,4.6,11.8,2.7,1.2,2.7,1.4,3.0,13.2,.709,.340,.704,williro04
Ziaire Williams,5.4,11.5,2.1,6.3,1.3,1.7,0.8,3.9,2.0,1.0,0.4,1.2,2.9,14.1,.466,.330,.790,willizi02
D.J. Wilson,6.0,13.2,1.9,5.9,2.2,3.0,1.4,8.6,2.8,1.2,1.0,1.9,3.4,16.1,.454,.330,.743,wilsodj01
Dylan Windler,3.9,9.1,1.8,5.4,1.5,1.9,1.6,7.1,2.8,1.2,0.5,1.7,3.2,11.0,.422,.325,.800,windldy01
Justise Winslow,5.3,12.8,0.9,3.5,1.8,3.0,2.0,8.8,3.9,1.4,1.0,2.3,3.1,13.3,.417,.246,.622,winslju01
Cassius Winston,5.6,12.5,2.1,5.4,2.6,3.2,1.0,5.2,4.3,0.9,0.5,2.1,3.7,16.0,.452,.388,.829,winstca01
Christian Wood,7.8,15.4,2.1,5.6,3.6,5.6,2.0,11.3,2.5,0.9,1.2,2.2,2.8,21.4,.509,.386,.642,woodch01
Robert Woodard II,5.4,13.5,1.6,4.8,2.4,3.3,2.2,7.9,3.3,1.0,0.9,1.7,2.8,14.9,.403,.335,.729,woodaro01
Delon Wright,3.9,8.6,1.2,3.2,1.7,2.1,1.3,5.6,5.0,2.1,0.5,1.4,1.6,10.7,.457,.372,.816,wrighde01
McKinley Wright IV,5.9,12.4,1.9,5.1,2.3,3.0,1.4,6.0,3.9,1.0,0.6,2.0,2.8,16.0,.479,.372,.780,wrighmc01
Moses Wright,5.9,12.9,1.7,5.0,3.0,3.6,1.6,6.8,3.9,1.1,0.9,1.9,2.7,16.5,.456,.347,.816,wrighmo01
Gabe York,5.8,13.0,1.8,5.8,2.8,3.9,1.4,6.3,4.0,1.4,0.8,2.0,3.4,16.2,.442,.316,.730,yorkga01
Thaddeus Young,6.8,13.1,0.8,2.3,1.3,2.3,3.2,8.5,4.8,1.9,0.8,2.5,3.3,15.6,.516,.336,.576,youngth01
Trae Young,9.3,20.1,3.0,7.9,7.2,8.0,0.7,4.1,9.9,1.0,0.2,4.1,1.8,28.7,.461,.378,.896,youngtr01
Omer Yurtseven,6.6,12.7,0.4,1.4,2.1,3.2,3.9,13.6,2.8,0.9,1.0,2.0,4.0,15.7,.521,.279,.661,yurtsom01
Cody Zeller,6.1,11.3,0.4,1.6,3.2,4.4,4.1,11.2,2.8,1.0,0.6,1.9,4.4,15.8,.537,.249,.731,zelleco01
Ivica Zubac,6.1,9.7,0.1,0.3,3.2,4.2,4.2,12.3,2.3,0.7,1.5,2.0,3.9,15.4,.625,.345,.750,zubaciv01